"tipo";"poder";"entidad";"unidad";"nombre"
3;3;11110001;0;"CONGRESO DE LA REPUBLICA"
3;4;11120002;0;"ORGANISMO JUDICIAL"
4;4;11120002;101;"PRESIDENCIA"
4;4;11120002;102;"GERENCIA GENERAL"
4;4;11120002;103;"GERENCIA ADMINISTRATIVA"
4;4;11120002;105;"UNIDAD DE MODERNIZACION"
4;4;11120002;201;"UNIDAD DE ADMINISTRACION Y FINANZAS REGIONAL"
4;4;11120002;202;"REGIONAL QUETZALTENANGO"
3;2;11130003;0;"PRESIDENCIA DE LA REPUBLICA."
4;2;11130003;201;"ESTADO MAYOR PRESIDENCIAL"
4;2;11130003;202;"VICEPRESIDENCIA DE LA REPUBLICA"
4;2;11130003;203;"SECRETARÍA DE ASUNTOS ADM.Y DE SEG.DE LA PRESIDENCIA"
4;2;11130003;204;"DEPART.  DE ASUNTOS  ADMINISTR. DE LA PRESIDENCIA"
4;2;11130003;205;"GUARDIA PRESIDENCIAL"
3;2;11130004;0;"MINISTERIO DE RELACIONES   EXTERIORES"
3;2;11130005;0;"MINISTERIO DE GOBERNACIÓN"
4;2;11130005;201;"DIRECCION DE SERVICIOS ADMINISTRATIVOS Y FINANCIEROS"
4;2;11130005;202;"DIRECCION GENERAL DE INTELIGENCIA CIVIL"
4;2;11130005;203;"DIRECCION GENERAL DE LA POLICIA NACIONAL CIVIL"
4;2;11130005;204;"SECRETARIA DE ANALISIS E INFORMACION ANTINARCOTICA"
4;2;11130005;205;"SUBDIRECCION GENERAL DE ESTUDIOS"
4;2;11130005;206;"SUBDIRECCION GENERAL DE SALUD POLICIAL"
4;2;11130005;207;"SUBDIRECCION GENERAL DE INVESTIGACION CRIMINAL"
4;2;11130005;208;"SUBDIRECCION GENERAL DE PREVENCION DEL DELITO"
4;2;11130005;209;"DEPARTAMENTO DE TRANSITO"
4;2;11130005;210;"DIRECCION GENERAL DEL SISTEMA PENITENCIARIO"
4;2;11130005;211;"DIRECCION GENERAL DE MIGRACION"
4;2;11130005;212;"DIRECCION GENERAL DEL DIARIO DE CENTRO AMERICA Y TIPOGRAFIA NACIONAL"
4;2;11130005;213;"UNIDAD PARA LA PREVENCION COMUNITARIA DE LA VIOLENCIA"
4;2;11130005;214;"REGISTRO DE PERSONAS JURIDICAS"
4;2;11130005;215;"GOBERNACION DEPARTAMENTAL DE GUATEMALA"
4;2;11130005;216;"GOBERNACION DEPARTAMENTAL DE EL PROGRESO"
4;2;11130005;217;"GOBERNACION DEPARTAMENTAL DE SACATEPEQUEZ"
4;2;11130005;218;"GOBERNACION DEPARTAMENTAL DE CHIMALTENANGO"
4;2;11130005;219;"GOBERNACION DEPARTAMENTAL DE ESCUINTLA"
4;2;11130005;220;"GOBERNACION DEPARTAMENTAL DE SANTA ROSA"
4;2;11130005;221;"GOBERNACION DEPARTAMENTAL DE SOLOLA"
4;2;11130005;222;"GOBERNACION DEPARTAMENTAL DE TOTONICAPAN"
4;2;11130005;223;"GOBERNACION DEPARTAMENTAL DE QUETZALTENANGO"
4;2;11130005;224;"GOBERNACION DEPARTAMENTAL DE SUCHITEPEQUEZ"
4;2;11130005;225;"GOBERNACION DEPARTAMENTAL DE RETALHULEU"
4;2;11130005;226;"GOBERNACION DEPARTAMENTAL DE SAN MARCOS"
4;2;11130005;227;"GOBERNACION DEPARTAMENTAL DE HUEHUETENANGO"
4;2;11130005;228;"GOBERNACION DEPARTAMENTAL DE QUICHE"
4;2;11130005;229;"GOBERNACION DEPARTAMENTAL DE BAJA VERAPAZ"
4;2;11130005;230;"GOBERNACION DEPARTAMENTAL DE ALTA VERAPAZ"
4;2;11130005;231;"GOBERNACION DEPARTAMENTAL DE PETEN"
4;2;11130005;232;"GOBERNACION DEPARTAMENTAL DE IZABAL"
4;2;11130005;233;"GOBERNACION DEPARTAMENTAL DE ZACAPA"
4;2;11130005;234;"GOBERNACION DEPARTAMENTAL DE CHIQUIMULA"
4;2;11130005;235;"GOBERNACION DEPARTAMENTAL DE JALAPA"
4;2;11130005;236;"GOBERNACION DEPARTAMENTAL DE JUTIAPA"
3;2;11130006;0;"MINISTERIO DE LA DEFENSA NACIONAL"
4;2;11130006;201;"GUARDIA PRESIDENCIAL"
4;2;11130006;202;"MINISTERIO DE LA DEFENSA"
3;2;11130007;0;"MINISTERIO DE FINANZAS PÚBLICAS"
4;2;11130007;201;"DIRECCION FINANCIERA"
4;2;11130007;202;"DIRECCION DE RECURSOS HUMANOS"
4;2;11130007;203;"DIRECCION DE TECNOLOGIAS DE LA INFORMACION"
4;2;11130007;204;"AUDITORIA INTERNA"
4;2;11130007;205;"DIRECCION DE SERVICIOS ADMINISTRATIVOS"
4;2;11130007;206;"ASESORIA JURIDICA"
4;2;11130007;207;"DIRECCION DE CATASTRO Y AVALUO DE BIENES INMUEBLES"
4;2;11130007;208;"DIRECCION DE BIENES DEL ESTADO"
4;2;11130007;209;"DIRECCION TECNICA DEL PRESUPUESTO"
4;2;11130007;210;"DIRECCION DE CONTABILIDAD DEL ESTADO"
4;2;11130007;211;"TESORERIA NACIONAL"
4;2;11130007;212;"DIRECCION DE CREDITO PUBLICO"
4;2;11130007;213;"DIRECCION NORMATIVA DE CONTRATACIONES Y ADQUISICIONES DEL ESTADO"
4;2;11130007;214;"PROYECTO SIAF-SAG"
4;2;11130007;215;"TALLER NACIONAL DE GRABADOS EN ACERO"
4;2;11130007;216;"REGISTRO DE INGRESOS"
4;2;11130007;217;"REGISTRO DE INGRESOS CREDITO PUBLICO"
4;2;11130007;218;"DESPACHO MINISTERIAL Y VICEMINISTERIALES"
4;2;11130007;219;"DIRECCION DE COMUNICACION SOCIAL"
4;2;11130007;220;"DIRECCION DE ANALISIS Y EVALUACION FISCAL"
4;2;11130007;221;"DIRECCION DE TRANSPARENCIA FISCAL"
4;2;11130007;222;"DIRECCION DE FIDEICOMISOS"
4;2;11130007;223;"DIR.DE ASISTENCIA A LA ADMON. FINANCIERA MUNICIPAL"
3;2;11130008;0;"MINISTERIO DE EDUCACIÓN"
4;2;11130008;101;"DIRECCION DE SERVICIOS ADMINISTRATIVOS"
4;2;11130008;102;"DIRECCION DE INFORMATICA"
4;2;11130008;103;"DIRECCION DE RECURSOS HUMANOS"
4;2;11130008;104;"DICADE"
4;2;11130008;105;"DIRECCION DE PLANIFICACION EDUCATIVA"
4;2;11130008;106;"UNIDAD DE INNOVACION EDUCATIVA"
4;2;11130008;107;"DIREC. GENERAL DE PROYECTOS DE APOYO"
4;2;11130008;108;"DIRECCION GENERAL DE EDUCACION BILINGUE INTERCULTURAL"
4;2;11130008;109;"DIRECCION GENERAL DE EDUCACION FISICA"
4;2;11130008;110;"DIRECCION GENERAL DE EDUCACION EXTRAESCOLAR"
4;2;11130008;111;"COMITE NACIONAL DE ALFABETIZACION"
4;2;11130008;112;"DIRECCION DE COOPERACION NACIONAL E INTERNACIONAL"
4;2;11130008;113;"UNIDAD COORDINADORA DE PROYECTOS"
4;2;11130008;114;"PROG. NAC. DE AUTOGESTION PARA EL DESARROLLO EDUCATIVO"
4;2;11130008;115;"DIRECCION DE AUDITORIA INTERNA"
4;2;11130008;116;"DIRECCION DE ASESORIA JURIDICA"
4;2;11130008;117;"DIRECCION DE COMUNICACION SOCIAL"
4;2;11130008;118;"DIRECCION DE ADQUISICIONES Y CONTRATACIONES"
4;2;11130008;119;"DIRECCION GENERAL DE COBERTURA E INFRAESTRUCTURA EDUCATIVA"
4;2;11130008;120;"DIRECCION GENERAL DE EVALUACION E INVESTIGACION EDUCATIVA"
4;2;11130008;121;"DIRECCIÓN GENERAL DE ACREDITACIÓN Y CERTIFICACIÓN"
4;2;11130008;122;"DIRECCIÓN DE DESARROLLO Y FORTALECIMIENTO INSTITUCIONAL"
4;2;11130008;123;"DIRECCIÓN GENERAL DE PARTICIPACION COMUNITARIA Y SERVICIOS DE APOYO"
4;2;11130008;124;"DIRECCIÓN GENERAL DE GESTIÓN DE CALIDAD EDUCATIVA"
4;2;11130008;125;"DIRECCION GENERAL DE EDUCACION ESPECIAL"
4;2;11130008;126;"DIRECCION GENERAL DE CURRICULO"
4;2;11130008;127;"DIRECCION GENERAL DE FORTALECIMIENTO A LA COMUNIDAD EDUCATIVA"
4;2;11130008;128;"DIRECCION GENERAL DE MONITOREO Y VERIFICACION DE LA CALIDAD"
4;2;11130008;129;"DIRECCION GENERAL DE COORDINACION DE DIRECCIONES DEPARTAMENTALES DE EDUCACION"
4;2;11130008;130;"DIRECCION DE DESARROLLO MAGISTERIAL"
4;2;11130008;131;"DIRECCION EJECUTORA DEL PROGRAMA MI FAMILIA PROGRESA"
4;2;11130008;201;"DIRECCION DE ADMINISTRACION FINANCIERA"
4;2;11130008;301;"DIRECCION DEPARTAMENTAL DE EDUCACION DE GUATEMALA"
4;2;11130008;302;"DIRECCION DEPARTAMENTAL DE EDUCACION DE EL PROGRESO"
4;2;11130008;303;"DIRECCION DEPARTAMENTAL DE EDUCACION DE SACATEPEQUEZ"
4;2;11130008;304;"DIRECCION DEPARTAMENTAL EDUCACION DE CHIMALTENANGO"
4;2;11130008;305;"DIRECCION DEPARTAMENTAL DE EDUCACION DE ESCUINTLA"
4;2;11130008;306;"DIRECCION DEPARTAMENTAL DE EDUCACION DE SANTA ROSA"
4;2;11130008;307;"DIRECCION DEPARTAMENTAL DE EDUCACION DE SOLOLA"
4;2;11130008;308;"DIRECCION DEPARTAMENTAL DE EDUCACION DE TOTONICAPAN"
4;2;11130008;309;"DIRECCION DEPARTAMENTAL DE EDUCACION DE QUETZALTENANGO"
4;2;11130008;310;"DIRECCION DEPARTAMENTAL DE EDUCACION DE SUCHITEPEQUEZ"
4;2;11130008;311;"DIRECCION DEPARTAMENTAL DE EDUCACION DE RETALHULEU"
4;2;11130008;312;"DIRECCION DEPARTAMENTAL DE EDUCACION DE SAN MARCOS"
4;2;11130008;313;"DIRECCION DEPARTAMENTAL DE EDUCACION DE HUEHUETENANGO"
4;2;11130008;314;"DIRECCION DEPARTAMENTAL DE EDUCACION DE EL QUICHE"
4;2;11130008;315;"DIRECCCION DEPARTAMENTAL DE EDUCACION DE BAJA VERAPAZ"
4;2;11130008;316;"DIRECCION DEPARTAMENTAL DE EDUCACION DE ALTA VERAPAZ"
4;2;11130008;317;"DIRECCION DEPARTAMENTAL DE EDUCACION DE PETEN"
4;2;11130008;318;"DIRECCION DEPARTAMENTAL DE EDUCACION DE IZABAL"
4;2;11130008;319;"DIRECCION DEPARTAMENTAL DE EDUCACION DE ZACAPA"
4;2;11130008;320;"DIRECCION DEPARTAMENTAL DE EDUCACION DE CHIQUIMULA"
4;2;11130008;321;"DIRECCION DEPARTAMENTAL DE EDUCACION DE JALAPA"
4;2;11130008;322;"DIRECCION DEPARTAMENTAL DE EDUCACION DE JUTIAPA"
4;2;11130008;323;"DIRECCION DEPARTAMENTAL DE EDUCACION GUATEMALA NORTE"
4;2;11130008;324;"DIRECCION DEPARTAMENTAL DE EDUCACION GUATEMALA SUR"
4;2;11130008;325;"DIRECCION DEPARTAMENTAL DE EDUCACION GUATEMALA ORIENTE"
4;2;11130008;326;"DIRECCION DEPARTAMENTAL DE EDUCACION GUATEMALA OCCIDENTE"
4;2;11130008;327;"DIRECCION DEPARTAMENTAL DE EDUCACION PETEN CENTRAL"
4;2;11130008;328;"DIRECCION DEPARTAMENTAL DE EDUCACION PETEN ORIENTE"
4;2;11130008;329;"DIRECCION DEPARTAMENTAL DE EDUCACION PETEN OCCIDENTE"
3;2;11130009;0;"MINISTERIO DE SALUD PÚBLICA Y ASISTENCIA SOCIAL"
4;2;11130009;201;"DEPARTAMENTO ADMINISTRATIVO"
4;2;11130009;202;"AREA DE SALUD GUATEMALA NOR ORIENTE"
4;2;11130009;203;"AREA DE SALUD GUATEMALA NOR OCCIDENTE"
4;2;11130009;204;"AREA DE SALUD GUATEMALA SUR"
4;2;11130009;205;"JEFATURA DE AREA DE SALUD DE EL PROGRESO"
4;2;11130009;206;"JEFATURA DE AREA DE SALUD DE SACATEPEQUEZ"
4;2;11130009;207;"JEFE DE AREA DE SALUD DE CHIMALTENANGO"
4;2;11130009;208;"JEFATURA DE AREA DE SALUD DE ESCUINTLA"
4;2;11130009;209;"JEFATURA DE AREA DE SALUD DE SANTA ROSA"
4;2;11130009;210;"JEFATURA DE AREA DE SALUD DE SOLOLA"
4;2;11130009;211;"JEFATURA DE AREA DE SALUD DE TOTONICAPAN"
4;2;11130009;212;"JEFATURA DE  AREA DE SALUD DE QUETZALTENANGO"
4;2;11130009;213;"JEFATURA DE AREA DE SALUD DE SUCHITEPEQUEZ"
4;2;11130009;214;"JEFATURA DE AREA DE SALUD DE RETALHULEU"
4;2;11130009;215;" JEFATURA DE AREA DE SALUD DE SAN MARCOS"
4;2;11130009;216;"JEFATURA DE AREA DE SALUD DE HUHUETENANGO"
4;2;11130009;217;"JEFATURA DE AREA DE SALUD DEL QUICHE"
4;2;11130009;218;"JEFATURA DE AREA DE SALUD DE IXCAN"
4;2;11130009;219;"JEFATURA DE AREA DE SALUD DE BAJA VERAPAZ"
4;2;11130009;220;" JEFATURA DE AREA DE SALUD DE ALTA VERAPAZ"
4;2;11130009;221;" JEFATURA DE AREA DE SALUD DE PETEN NORTE"
4;2;11130009;222;" JEFE DE AREA DE SALUD DE IZABAL"
4;2;11130009;223;"JEFATURA DE AREA DE SALUD DE ZACAPA"
4;2;11130009;224;"JEFATURA DE AREA DE CHIQUIMULA"
4;2;11130009;225;" JEFATURA DE AREA DE SALUD DE JALAPA"
4;2;11130009;226;" JEFATURA DE AREA DE SALUD DE JUTIAPA"
4;2;11130009;227;"HOSPITAL GENERAL SAN JUAN DE DIOS"
4;2;11130009;228;"HOSPITAL DE SALUD MENTAL"
4;2;11130009;229;"HOSPITAL DE ORTOPEDIA Y REHABILITACION"
4;2;11130009;230;"HOSPITAL ROOSEVELT"
4;2;11130009;231;"HOSPITAL DE INFECTOLOGMA Y REHABILITACION"
4;2;11130009;232;"HOSPITAL DE SAN VICENTE"
4;2;11130009;233;"HOSPITAL DE AMATITLAN"
4;2;11130009;234;" HOSPITAL DE EL PROGRESO"
4;2;11130009;235;"HOSPITAL PEDRO DE BETHANCOURT"
4;2;11130009;236;"HOGAR DE ANCIANOS FRAY R. DE LA CRUZ"
4;2;11130009;237;"HOSPITAL  DE CHIMALTENANGO"
4;2;11130009;238;"HOSPITAL DE ESCUINTLA"
4;2;11130009;239;"HOSPITAL DE  TIQUISATE"
4;2;11130009;240;"HOSPITAL DE CUILAPA"
4;2;11130009;241;"HOSPITAL DE SOLOLA"
4;2;11130009;242;"HOSPITAL DE TOTONICAPAN"
4;2;11130009;243;"HOSPITAL GENERAL DE OCCIDENTE"
4;2;11130009;244;"HOSPITAL RODOLFO ROBLES"
4;2;11130009;245;"HOSPITAL DE COATEPEQUE"
4;2;11130009;246;"HOSPITAL DE MAZATENANGO"
4;2;11130009;247;"HOSPITAL DE RETALHULEU"
4;2;11130009;248;"HOSPITAL DE  SAN MARCOS"
4;2;11130009;249;"HOSPITAL DE MALACATAN"
4;2;11130009;250;"HOSPITAL DE HUEHUETENANGO"
4;2;11130009;251;"HOSPITAL DE SAN PEDRO NECTA"
4;2;11130009;252;"HOSPITAL DE QUICHE"
4;2;11130009;253;"HOSPITAL DE SALAMA"
4;2;11130009;254;"HOSPITAL DE COBAN"
4;2;11130009;255;"HOSPITAL DE SAN BENITO"
4;2;11130009;256;"HOSPITAL DE  MELCHOR DE MENCOS"
4;2;11130009;257;"HOSPITAL DE SAYAXCHI"
4;2;11130009;258;"CENTRO DE SALUD  DE POPTUN"
4;2;11130009;259;"HOSPITAL DE PUERTO BARRIOS"
4;2;11130009;260;"HOSPITAL INFANTIL DE PUERTO BARRIOS"
4;2;11130009;261;"HOSPITAL DE  ZACAPA"
4;2;11130009;262;"HOSPITAL DE CHIQUIMULA"
4;2;11130009;263;"HOSPITAL DE JALAPA"
4;2;11130009;264;"HOSPITAL DE JUTIAPA"
4;2;11130009;265;"AREA DE SALUD DE PETEN SUROCCIDENTE"
4;2;11130009;266;"AREA DE SALUD DE PETEN SURORIENTE"
4;2;11130009;267;"HOSPITAL DE JOYABAJ"
4;2;11130009;268;"HOSPITAL DE NEBAJ"
4;2;11130009;269;"HOSPITAL DE USPANTAN"
4;2;11130009;270;"HOSPITAL FRAY BARTOLOME DE LAS CASAS"
4;2;11130009;271;"HOSPITAL DE LA TINTA"
4;2;11130009;272;"ESCUELAS FORMADORAS EN LA CAPITAL"
4;2;11130009;273;"ESCUELAS FORMADORAS EN COBAN A.V."
4;2;11130009;274;"ESCUELAS FORMADORAS EN QUETZALTENANGO"
4;2;11130009;275;"ESCUELAS FORMADORAS EN MAZATENANGO"
4;2;11130009;276;"ESCUELAS FORMADORAS EN JUTIAPA"
4;2;11130009;277;"INSTITUTO DE ADIESTRAMIENTO DE PERSONAL INDAPS"
4;2;11130009;278;"AREA DE SALUD GUATEMALA CENTRAL"
4;2;11130009;279;"PROGRAMA DE ACCESIBILIDAD DE MEDICAMENTOS"
4;2;11130009;280;"LABORATORIO NACIONAL DE SALUD"
4;2;11130009;281;"CEMENTERIO NACIONAL"
4;2;11130009;282;"UNIDAD EJECUTORA DE PROYECTOS DE INFRAESTRUCTURA DE SALUD"
4;2;11130009;283;"AREA DE SALUD IXIL"
3;2;11130010;0;"MINISTERIO DE TRABAJO Y PREVISIÓN SOCIAL"
3;2;11130011;0;"MINISTERIO DE ECONOMÍA"
3;2;11130012;0;"MINISTERIO DE AGRICULTURA, GANADERÍA Y ALIMENTACIÓN"
4;2;11130012;201;"UNIDAD FINANCIERA"
4;2;11130012;202;"DESARROLLO RURAL PRIMERA FASE REGION: OCCIDENTE"
4;2;11130012;203;"DES. RURAL 1ERA FASE REG: CENTRAL SUR Y NORORIENTE"
4;2;11130012;204;"DESARROLLO DE LA FRUTICULTURA Y AGROINDUSTRIA"
4;2;11130012;205;"SERVICIOS DE NORMAS Y REGULACIONES"
4;2;11130012;206;"SEGURIDAD ALIMENTARIA"
3;2;11130013;0;"MINISTERIO DE  COMUNICACIONES, INFRAESTRUCTURA Y VIVIENDA"
4;2;11130013;201;"DIRECCION SUPERIOR"
4;2;11130013;202;"DIRECCION GENERAL DE CAMINOS"
4;2;11130013;203;"UNIDAD EJECUTORA DE CONSERVACION VIAL -COVIAL-"
4;2;11130013;204;"DIRECCION GENERAL DE TRANSPORTES"
4;2;11130013;205;"DIRECCION GENERAL DE AERONAUTICA CIVIL"
4;2;11130013;206;"UNIDAD DE CONSTRUCCION DE EDIFICIOS DEL ESTADO -UCEE-"
4;2;11130013;207;"DIRECCION GENERAL DE RADIODIFUSION Y TELEVISION NACIONAL"
4;2;11130013;208;"UNIDAD DE CONTROL Y SUPERVISION DE CABLE -UNCOSU-"
4;2;11130013;209;"INSTITUTO NACIONAL DE SISMOLOGIA, VULCANOLOGIA, METEOROLOGIA E HIDROLOGIA -INSIVUMEH-"
4;2;11130013;210;"DIRECCION GENERAL DE CORREOS Y TELEGRAFOS"
4;2;11130013;211;"SUPERINTENDENCIA DE TELECOMUNICACIONES -SIT-"
4;2;11130013;212;"FONDO PARA EL DESARROLLO DE LA TELEFONIA -FONDETEL-"
4;2;11130013;213;"FONDO GUATEMALTECO PARA LA VIVIENDA -FOGUAVI-"
4;2;11130013;214;"UNIDAD PARA EL DESARROLLO DE VIVIENDA POPULAR -UDEVIPO-"
4;2;11130013;215;"INSTITUTO GEOGRAFICO NACIONAL -IGN-"
4;2;11130013;216;"DIRECCION GENERAL DE PROTECCION Y SEGURIDAD VIAL -PROVIAL-"
4;2;11130013;217;"FONDO SOCIAL DE SOLIDARIDAD"
3;2;11130014;0;"MINISTERIO DE ENERGÍA Y MINAS"
3;2;11130015;0;"MINISTERIO DE CULTURA Y DEPORTES"
4;2;11130015;101;"DIRECCION SUPERIOR"
4;2;11130015;102;"DIRECCION GENERAL DE LAS ARTES"
4;2;11130015;103;"DIRECCION GENERAL DEL PATRIMONIO CULTURAL Y NATURAL"
4;2;11130015;104;"DIRECCION GENERAL DEL DEPORTE Y LA RECREACION"
4;2;11130015;105;"DIRECCION GENERAL DE DESARROLLO CULTURAL Y FORTALECIMIENTO DE LAS CULTURAS"
4;2;11130015;106;"BIBLIOTECA NACIONAL DE GUATEMALA"
4;2;11130015;203;"CENTRO CULTURAL MIGUEL ANGEL ASTURIAS"
4;2;11130015;204;"EDITORIAL CULTURA"
4;2;11130015;205;"ORQUESTA SINFONICA NACIONAL"
4;2;11130015;206;"TEATRO DE BELLAS ARTES"
4;2;11130015;208;"PARQUE NACIONAL TIKAL"
4;2;11130015;209;"SITIOS ARQUEOLOGICOS"
4;2;11130015;210;"MUSEOS"
4;2;11130015;211;"ARCHIVO GENERAL DE CENTROAMERICA"
4;2;11130015;212;"BALLET NACIONAL DE GUATEMALA"
4;2;11130015;213;"PALACIO NACIONAL DE LA CULTURA"
3;2;11130016;0;"SECRETARÍAS Y OTRAS DEPENDENCIAS DEL EJECUTIVO"
4;2;11130016;201;"SECRETARÍA GENERAL"
4;2;11130016;202;"COMISION PRESIDENCIAL COORDINADORA DE DERECHOS HUMANOS"
4;2;11130016;203;"SECRETARÍA PRIVADA DE LA PRESIDENCIA"
4;2;11130016;204;"SECRETARÍA DE COORDINACION  EJECUTIVA  DE LA PRESIDENCIA"
4;2;11130016;205;"CONSEJOS DE DESARROLLO URBANO Y RURAL"
4;2;11130016;206;"DESARROLLO INTEGRAL DE COMUNIDADES RURALES"
4;2;11130016;207;"DIRECCION DE ASENTAMIENTOS HUMANOS Y VIVIENDA"
4;2;11130016;208;"FONDO NACIONAL PARA LA PAZ"
4;2;11130016;209;"FONDO DE INVERSION SOCIAL"
4;2;11130016;210;"FONDO DE DESARROLLO INDIGENA GUATEMALTECO"
4;2;11130016;211;"SECRETARÍA DE COMUNICACION SOCIAL DE LA PRESIDENCIA DE LA R."
4;2;11130016;212;"SECRETARÍA DE BIENESTAR SOCIAL DE LA PRESIDENCIA DE LA REP."
4;2;11130016;213;"MEJORAMIENTO INSTITUCIONAL SECRETARÍAS"
4;2;11130016;214;"SECRETARÍA DE LA PAZ"
4;2;11130016;215;"SECRETARÍA DE RECURSOS HIDRAULICOS"
4;2;11130016;216;"OFICINA NACIONAL DE SERVICIO CIVIL"
4;2;11130016;217;"CONSEJO NACIONAL DE AREAS PROTEGIDAS"
4;2;11130016;218;"COMISION NACIONAL DEL MEDIO AMBIENTE"
4;2;11130016;219;"AUTORIDAD PARA EL RESCATE DEL LAGO DE AMATITLAN"
4;2;11130016;220;"SECRETARÍA DE PLANIFICACION Y PROGRAMACION DE LA PRESIDENCIA"
4;2;11130016;221;"CONSEJO NACIONAL DE LA JUVENTUD"
4;2;11130016;222;"SECRETARÍA EJECUTIVA COMISION CONTRA ADIC TRAFIC ILIC DROGAS"
4;2;11130016;223;"SECRETARÍA  NACIONAL DE CIENCIA Y TECNOLOGIA"
4;2;11130016;224;"SECRETARÍA DE OBRAS SOCIALES DE LA ESPOSA DEL PRESIDENTE"
4;2;11130016;225;"SECRETARÍA DE ANALISIS ESTRATEGICO."
4;2;11130016;226;"AUTORIDAD DEL LAGO DE IZABAL"
4;2;11130016;227;"AUTORIDAD DEL LAGO DE AMATITLAN"
4;2;11130016;228;"SECRETARÍA DE DESARROLLO SOCIAL"
4;2;11130016;229;"SECRETARÍA DEL MEDIO AMBIENTE RECURSOS NATURALES"
4;2;11130016;230;"SECRETARÍA DE ASUNTOS PARTICULARES"
4;2;11130016;231;"SECRETARÍA DE ASUNTOS ESPECIFICOS"
4;2;11130016;232;"SECRETARÍA PRESIDENCIAL DE LA MUJER"
4;2;11130016;233;"SECRETARÍA DE ASUNTOS AGRARIOS DE LA PRESIDENCIA DE LA REP"
4;2;11130016;234;"COMISION PRESIDENCIAL CONTRA LA DISCRIMINACION Y EL RACISMO CONTRA LOS PUEBLOS INDIGENAS"
4;2;11130016;235;"SECRETARÍA DE SEGURIDAD ALIMENTARIA Y NUTRICIONAL DE LA PRESIDENCIA DE LA REPUBLICA"
4;2;11130016;236;"FONDO NACIONAL DE DESARROLLO"
4;2;11130016;237;"AUTORIDAD PARA EL MANEJO SUSTENTABLE DE LA CUENCA DEL LAGO DE ATITLAN Y SU ENTORNO"
4;2;11130016;238;"COMISIÓN PRESIDENCIAL PARA LA REFORMA, MODERNIZACIÓN Y FORTALECIMIENTO DEL ESTADO Y DE SUS ENTIDADES"
4;2;11130016;239;"DEFENSORIA DE LA MUJER INDIGENA"
4;2;11130016;240;"FONDO NACIONAL DE DESARROLLO"
4;2;11130016;241;"SECRETARIA DE INTELIGENCIA ESTRATEGICA"
4;2;11130016;999;"PREVISION PAGO DE BONO Y REGULARIZACION NOMINA"
3;2;11130017;0;"MINISTERIO DE AMBIENTE Y RECURSOS NATURALES"
3;2;11130018;0;"OBLIGACIONES DEL ESTADO A CARGO DEL TESORO"
3;2;11130019;0;"SERVICIOS DE LA DEUDA PUBLICA"
3;5;11140020;0;"CONTRALORIA GENERAL DE CUENTAS."
3;5;11140021;0;"PROCURADURIA GENERAL DE LA NACIÓN"
3;5;11140022;0;"MINISTERIO PÚBLICO"
4;5;11140022;201;"ADMINISTRACION FINANCIERA-UDAF"
3;5;11140022;0;"MINISTERIO PUBLICO"
3;5;11140024;0;"CORTE DE CONSTITUCIONALIDAD."
4;5;11140024;201;"ADMINISTRACION FINANCIERA-UDAF"
3;5;11140024;0;"CORTE DE CONSTITUCIONALIDAD"
3;5;11140026;0;"REGISTRO DE LA PROPIEDAD INMUEBLE."
4;5;11140026;201;"ADMINISTRACION FINANCIERA-UDAF"
3;5;11140026;0;"REGISTRO GENERAL DE LA PROPIEDAD -RGP-"
4;5;11140026;101;"REGISTRO GENERAL DE LA PROPIEDAD"
4;5;11140026;102;"OFICINA RECEPCION Y DEVOLUCION DE DOCTOS MONTUFAR"
4;5;11140026;103;"OFICINA RECEPCION Y DEVOLUCION DOCTOS. ESCUINTLA"
4;5;11140026;104;"OFICINA DE RECEPCION Y DEVOLUCION DE DOCTOS COBAN"
4;5;11140026;105;"OFICINA DE RECEPCION Y DEVOLUCION DE DOCTOS. PETEN"
4;5;11140026;106;"OFICINA DE RECEPCION Y DEVOLUCION DOCTOS. TECULUTA"
4;5;11140026;107;"ESCUELA REGISTRAL"
3;5;11140027;0;"INSTITUTO DE LA DEFENSA PUBLICA PENAL"
4;5;11140027;201;"ADMINISTRACION FINANCIERA-UDAF"
3;5;11140027;0;"INSTITUTO DE LA DEFENSA PUBLICA PENAL"
3;5;11140028;0;"SEGUNDO REGISTRO DE LA PROPIEDAD"
3;5;11140029;0;"COORDINADORA NACIONAL PARA LA REDUCCION DE DESASTRES"
3;5;11140065;0;"REGISTRO DE INFORMACION CATASTRAL DE GUATEMALA -RIC-"
3;5;11140066;0;"REGISTRO NACIONAL DE LAS PERSONAS -RENAP-"
3;5;11140067;0;"CONSEJO NACIONAL DE ADOPCIONES"
3;5;11140068;0;"CONSEJO NACIONAL DE ATENCION AL MIGRANTE DE GUATEMALA"
3;5;11140069;0;"SECRETARIA EJECUTIVA DE LA INSTANCIA COORDINADORA DE LA MODERNIZACION DEL SECTOR JUSTICIA"
3;5;11150023;0;"TRIBUNAL SUPREMO ELECTORAL."
4;5;11150023;201;"ADMINISTRACION FINANCIERA-UDAF"
3;5;11150023;0;"TRIBUNAL SUPREMO ELECTORAL"
3;5;11150025;0;"PROCURADURIA DE LOS DERECHOS HUMANOS."
4;5;11150025;201;"ADMINISTRACION FINANCIERA-UDAF"
3;5;11150025;0;"PROCURADURIA DE LOS DERECHOS HUMANOS"
3;5;11200030;0;"INSTITUTO NACIONAL DE ESTADISTICA  -INE-"
3;5;11200030;0;"INSTITUTO NACIONAL DE ESTADISTICA -INE-"
3;5;11200032;0;"INSTITUTO NACIONAL DE ADMINISTRACION  PUBLICA -INAP-"
3;5;11200034;0;"INSTITUTO TECNICO DE CAPACITACION Y PRODUCTIVIDAD -INTECAP-"
3;5;11200035;0;"INSTITUTO DE RECREACION DE LOS TRABAJADORES DE LA EMPRESA PRIVADA DE GUATEMALA"
4;5;11200035;101;"GERENCIA GENERAL"
4;5;11200035;102;"PARQUE AMATITLAN"
4;5;11200035;103;"PARQUE AGUA CALIENTE"
4;5;11200035;104;"PARQUE URBANO PETAPA"
4;5;11200035;105;"HOSTALES"
4;5;11200035;106;"PARQUE ACUATICO XOCOMIL"
4;5;11200035;107;"PARQUE DE DIVERSIONES XETULUL"
4;5;11200035;108;"DEPARTAMENTO DE CONSTRUCCIONES"
3;5;11200036;0;"CONSEJO NACIONAL PARA LA PROTECCION DE LA ANTIGUA GUATEMALA -CNPAG-"
3;5;11200037;0;"BENEMERITO CUERPO VOLUNTARIO DE BOMBEROS DE GUATEMALA"
3;5;11200039;0;"APORTE PARA LA DESCENTRALIZACION CULTURAL -ADESCA-"
3;5;11200041;0;"INSTITUTO DE CIENCIA Y TECNOLOGIA AGRICOLAS -ICTA-"
3;5;11200046;0;"INSTITUTO NACIONAL DE CIENCIAS FORENSES DE GUATEMALA"
3;5;11200050;0;"COMITE PERMANENTE DE EXPOSICIONES -COPEREX-"
3;5;11200051;0;"INSTITUTO NACIONAL DE COOPERATIVAS -INACOP-"
3;5;11200052;0;"INSPECCION GENERAL DE COOPERATIVAS -INGECOP-"
3;5;11200053;0;"INSTITUTO GUATEMALTECO DE TURISMO -INGUAT-"
3;5;11200054;0;"INSTITUTO DE FOMENTO MUNICIPAL -INFOM-"
4;5;11200054;201;"UDAF - INFOM"
4;5;11200054;202;"PRESTAMO BIRF 7169"
4;5;11200054;203;"FOMENTO DEL SECTOR MUNICIPAL FSM I"
4;5;11200054;204;"PRESTAMO BIRF 4260"
4;5;11200054;206;"COORDINACION DONACION JAPONESA"
4;5;11200054;207;"COORDINACION PROYECTO SAN BENITO"
4;5;11200054;208;"DONACION REINO UNIDO ESPAÑOL"
4;5;11200054;209;"PROGRAMA AGUA POTABLE Y SANEAMIENTO RURAL"
4;5;11200054;210;"DONACION JAPONESA PARA REHABILITACIÓN DE PLANTAS DE TRATAMIENTO DE AGUA POTABLE"
4;5;11200054;211;"COORDINADORA PRESTAMO BID 1469 OC-GU"
4;5;11200054;212;"COORDINADORA PRÉSTAMO JBIC GT-P5"
4;5;11200054;213;"PROYECTO UNION EUROPEA, DESARROLLO RURAL Y LOCAL"
4;5;11200054;214;"DONACION FORT. SOCIEDAD CIVIL EN GUATEMALA"
4;5;11200054;215;"DONACION EUROPEA DESCENTRALIZ. Y FORTAL. MUNICIPAL"
4;5;11200054;301;"FONDO NACIONAL UNEPAR"
4;5;11200054;302;"COORDINACION SANEAMIENTO BID PRESTAMO BID 836"
4;5;11200054;303;"DONACION KFW IV"
4;5;11200054;304;"COORDINDORA AGUAS SUBTERRANEAS EN AREAS RURALES"
4;5;11200054;305;"AGUA Y SANEAMIENTO PARA SEGURIDAD ALIMENTARIA"
4;5;11200054;311;"PRESTAMO KFW I"
4;5;11200054;312;"DONACION KFW II"
4;5;11200054;400;"DONACION KFW III"
4;5;11200054;501;"FONDOS PL 480-91"
4;5;11200054;502;"FONDOS PL 480-92"
4;5;11200054;503;"PRÉSTAMO BCIE 36"
4;5;11200054;504;"PRÉSTAMO BCIE 37"
4;5;11200054;505;"PRÉSTAMO AID 520 L 017"
4;5;11200054;506;"CONTRAPARTIDA AGUA Y SANEAMIENTO REINO ESPAÑOL"
4;5;11200054;507;"FONDO NACIONAL PAYSA"
4;5;11200054;508;"DONACION AID 520 03-39"
3;5;11200055;0;"INSTITUTO NACIONAL DE BOSQUES -INAB-"
3;5;11200056;0;"SUPERINTENDENCIA DE ADMINISTRACION TRIBUTARIA - SAT"
4;5;11200056;100;"COORDINACIÓN, ADMINISTRACIÓN Y NORMATIVIDAD"
4;5;11200056;200;"GERENCIA REGIONAL CENTRAL - SAT"
4;5;11200056;300;"GERENCIA REGIONAL SUR - SAT"
4;5;11200056;400;"GERENCIA REGIONAL OCCIDENTE - SAT"
4;5;11200056;500;"GERENCIA REGIONAL NORORIENTE - SAT"
4;5;11200056;600;"RECAUDACION TRIBUTOS CONTRIBUYENTES ESPECIALES"
4;5;11200056;700;"CONTRIBUYENTES ESPECIALES MEDIANOS"
3;5;11200057;0;"FONDO DE TIERRAS -FONTIERRAS-"
3;5;11200059;0;"COMITE NACIONAL DE ALFABETIZACION -CONALFA-"
3;5;11200064;0;"ACADEMIA DE LENGUAS MAYAS DE GUATEMALA -ALMG-"
3;5;11200067;0;"CONSEJO NACIONAL PARA LA ATENCION DE LAS PERSONAS CON DISCAPACIDAD -CONADI-"
3;5;11300061;0;"CONFEDERACION DEPORTIVA AUTONOMA DE GUATEMALA -CDAG-"
3;5;11300062;0;"COMITE OLIMPICO GUATEMALTECO -COG-"
3;5;11300063;0;"ESCUELA NACIONAL CENTRAL DE AGRICULTURA - ENCA-"
3;5;11300064;0;"FEDERACION NACIONAL DE TRIATLON"
3;5;11300065;0;"FEDERACION NACIONAL DE BOLICHE C.D.A.G"
3;5;11300066;0;"FEDERACION NACIONAL DE VOLEIBOL"
3;5;11300067;0;"FEDERACION NAC DE NATACION CLAVADOS POLO ACUATICO NADO SINCRONIZADO"
3;5;11300068;0;"FEDERACION NACIONAL DE FUTBOL"
3;5;11300069;0;"FEDERACION NACIONAL DE LUCHAS DE GUATEMALA"
3;5;11300070;0;"FEDERACION NACIONAL DE CICLISMO DE GUATEMALA"
3;5;11300071;0;"FEDERACION NACIONAL DE TENIS DE CAMPO"
3;5;11300072;0;"FEDERACION NACIONAL DE BOXEO -CDAG-"
3;5;11400068;0;"INSTITUTO GUATEMALTECO DE SEGURIDAD SOCIAL -IGSS-"
4;5;11400068;101;"JUNTA DIRECTIVA"
4;5;11400068;102;"GERENCIA "
4;5;11400068;103;"ASIGNACIONES GLOBALES Y RESERVAS DE PROGRAMAS"
4;5;11400068;104;"CONTRALORIA GENERAL"
4;5;11400068;105;"SUBGERENCIA DE INTEGRIDAD Y TRANSPARENCIA ADMINISTRATIVA "
4;5;11400068;106;"SUBGERENCIA DE PRESTACIONES EN SALUD"
4;5;11400068;107;"SUBGERENCIA ADMINISTRATIVA "
4;5;11400068;108;"DEPARTAMENTO DE SERVICIOS DE APOYO"
4;5;11400068;109;"DIVISIÓN DE TRANSPORTES  - ESTACIÓN CENTRAL"
4;5;11400068;110;"SUBGERENCIA DE PLANIFICACIÓN Y DESARROLLO"
4;5;11400068;111;"SUBGERENCIA DE PRESTACIONES PECUNIARIAS"
4;5;11400068;112;"SUBGERENCIA FINANCIERA "
4;5;11400068;113;"HOSPITAL GENERAL DE ENFERMEDADES"
4;5;11400068;114;"HOSPITAL DOCTOR JUAN JOSÉ ARÉVALO BERMEJO"
4;5;11400068;115;"POLICLÍNICA CENTRAL"
4;5;11400068;116;"UNIDAD PERIFÉRICA ZONA 5"
4;5;11400068;117;"UNIDAD PERIFÉRICA ZONA 11"
4;5;11400068;118;"CONSULTORIO SAN JOSÉ PINULA, GUATEMALA"
4;5;11400068;119;"CONSULTORIO PALENCIA, GUATEMALA"
4;5;11400068;121;"UNIDAD ASISTENCIAL SAN JUAN SACATEPEQUEZ, GUATEMALA"
4;5;11400068;122;"CONSULTORIO FRAIJANES, GUATEMALA"
4;5;11400068;123;"UNIDAD ASISTENCIAL AMATITLÁN, GUATEMALA"
4;5;11400068;124;"CONSULTORIO VILLA CANALES, GUATEMALA"
4;5;11400068;125;"CONSULTORIO FINCA SANTA LEONARDA, VILLA CANALES"
4;5;11400068;126;"CONSULTORIO VILLA NUEVA, GUATEMALA"
4;5;11400068;127;"HOSPITAL DE REHABILITACIÓN"
4;5;11400068;128;"HOSPITAL DE GINECO  OBSTETRICIA"
4;5;11400068;129;"HOSPITAL GENERAL DE ACCIDENTES"
4;5;11400068;130;"CENTRO DE ATENCIÓN INTEGRAL DE SALUD MENTAL "
4;5;11400068;131;"CENTRO DE ATENCIÓN MÉDICA INTEGRAL PARA PENSIONADOS"
4;5;11400068;132;"CONSULTORIO GUASTATOYA, EL PROGRESO"
4;5;11400068;133;"CONSULTORIO ANTIGUA GUATEMALA, SACATEPÉQUEZ"
4;5;11400068;134;"DIRECCIÓN DEPARTAMENTAL, CHIMALTENANGO"
4;5;11400068;135;"HOSPITAL CHIMALTENANGO, CHIMALTENANGO"
4;5;11400068;136;"HOSPITAL CUILAPA, SANTA ROSA"
4;5;11400068;137;"CONSULTORIO JALAPA, JALAPA"
4;5;11400068;138;"DIRECCIÓN DEPARTAMENTAL, JUTIAPA, JUTIAPA"
4;5;11400068;139;"CONSULTORIO JUTIAPA, JUTIAPA"
4;5;11400068;140;"UNIDAD DE CONSULTA EXTERNA DE ENFERMEDADES"
4;5;11400068;141;"CENTRO DE ATENCION MEDICA INTEGRAL PARA PENSIONADOS CAMIP 2 BARRANQUILLA"
4;5;11400068;142;"DIVISION DE MANTENIMIENTO"
4;5;11400068;143;"DEPARTAMENTO DE INFRAESTRUCTURA INSTITUCIONAL"
4;5;11400068;201;"DIRECCIÓN DEPARTAMENTAL, ESCUINTLA"
4;5;11400068;202;"HOSPITAL ESCUINTLA, ESCUINTLA"
4;5;11400068;203;"HOSPITAL SANTA LUCÍA COTZUMALGUAPA, ESCUINTLA"
4;5;11400068;204;"HOSPITAL TIQUISATE, ESCUINTLA"
4;5;11400068;205;"CONSULTORIO LA DEMOCRACIA, ESCUINTLA"
4;5;11400068;206;"CONSULTORIO SIQUINALÁ, ESCUINTLA"
4;5;11400068;207;"CONSULTORIO DE MASAGUA ESCUINTLA"
4;5;11400068;208;"CONSULTORIO LA GOMERA, ESCUINTLA"
4;5;11400068;209;"CONSULTORIO PUERTO DE SAN JOSÉ, ESCUINTLA"
4;5;11400068;210;"CONSULTORIO EN PALIN, ESCUINTLA"
4;5;11400068;301;"HOSPITAL POCHUTA, CHIMALTENANGO"
4;5;11400068;302;"CONSULTORIO SAN LUCAS TOLIMÁN,SOLOLÁ"
4;5;11400068;303;"HOSPITAL COATEPEQUE, QUETZALTENANGO"
4;5;11400068;304;"DIRECCIÓN DEPARTAMENTAL, SUCHITEPÉQUEZ"
4;5;11400068;305;"HOSPITAL DE MAZATENANGO, SUCHITEPÉQUEZ"
4;5;11400068;306;"HOSPITAL CHICACAO, SUCHITEPÉQUEZ"
4;5;11400068;307;"HOSPITAL PATULUL, SUCHITEPÉQUEZ"
4;5;11400068;308;"DIRECCIÓN DEPARTAMENTAL, RETALHULEU"
4;5;11400068;309;"HOSPITAL RETALHULEU, RETALHULEU"
4;5;11400068;310;"CONSULTORIO PUERTO CHAMPERICO, RETALHULEU"
4;5;11400068;311;"CONSULTORIO SAN FELIPE, RETALHULEU"
4;5;11400068;312;"HOSPITAL MALACATÁN, SAN MARCOS"
4;5;11400068;313;"HOSPITAL EL TUMBADOR, SAN MARCOS"
4;5;11400068;314;"CONSULTORIO TECÚN UMÁN, SAN MARCOS"
4;5;11400068;401;"CONSULTORIO SOLOLÁ Y SALA ANEXA HOSPITAL NACIONAL"
4;5;11400068;402;"CONSULTORIO TOTONICAPÁN, TOTONICAPÁN"
4;5;11400068;403;"DIRECCIÓN DEPARTAMENTAL, QUETZALTENANGO"
4;5;11400068;404;"HOSPITAL QUETZALTENANGO, QUETZALTENANGO"
4;5;11400068;405;"HOSPITAL COLOMBA, QUETZALTENANGO"
4;5;11400068;406;"DIRECCIÓN DEPARTAMENTAL, SAN MARCOS"
4;5;11400068;407;"CONSULTORIO SAN MARCOS, SAN MARCOS"
4;5;11400068;408;"DIRECCIÓN DEPARTAMENTAL, HUEHUETENANGO"
4;5;11400068;409;"HOSPITAL HUEHUETENANGO, HUEHUETENANGO"
4;5;11400068;410;"CONSULTORIO SANTA CRUZ DEL QUICHÉ, QUICHÉ"
4;5;11400068;411;"CONSULTORIO SAN JUAN COTZAL, QUICHÉ"
4;5;11400068;501;"CONSULTORIO SALAMA, BAJA VERAPAZ"
4;5;11400068;502;"DIRECCIÓN DEPARTAMENTAL, BAJA VERAPAZ"
4;5;11400068;503;"DIRECCIÓN DEPARTAMENTAL, ALTA VERAPAZ"
4;5;11400068;504;"HOSPITAL COBÁN, ALTA VERAPAZ"
4;5;11400068;505;"SALA ANEXA HOSPITAL NACIONAL SAN BENITO PETÉN, PETÉN"
4;5;11400068;506;"DIRECCIÓN DEPARTAMENTAL,  IZABAL"
4;5;11400068;507;"HOSPITAL PUERTO BARRIOS, IZABAL"
4;5;11400068;508;"CONSULTORIO EL ESTOR, IZABAL"
4;5;11400068;509;"CONSULTORIO MORALES, IZABAL"
4;5;11400068;510;"CONSULTORIO LOS AMATES, IZABAL"
4;5;11400068;511;"DIRECCIÓN DEPARTAMENTAL, ZACAPA"
4;5;11400068;512;"CONSULTORIO ZACAPA, ZACAPA"
4;5;11400068;513;"CONSULTORIO GUALÁN, ZACAPA"
4;5;11400068;514;"CONSULTORIO CHIQUIMULA, CHIQUIMULA"
3;5;11400069;0;"INSTITUTO DE PREVISION MILITAR -IPM-"
3;5;12100101;0;"MUNICIPALIDAD DE GUATEMALA"
3;5;12100102;0;"SANTA CATARINA PINULA"
3;5;12100106;0;"CHINAUTLA"
3;5;12100108;0;"MIXCO"
3;5;12100115;0;"VILLA NUEVA"
3;5;12100901;0;"QUETZALTENANGO"
4;5;12100901;101;"MUNICIPALIDAD DE QUETZALTENANGO"
4;5;12100901;102;"EMPRESA ELECTRICA MUNICIPAL DE QUETZALTENANGO"
4;5;12100901;103;"EMPRESA MUNICIPAL DE AGUAS DE XELAJU"
3;5;12101201;0;"SAN MARCOS"
4;5;12101201;101;"MUNICIPALIDAD DE SAN MARCOS"
4;5;12101201;102;"EMPRESA ELECTRICA MUNICIPAL DE SAN MARCOS"
4;5;12101201;103;"EMPRESA MUNICIPAL DE AGUAS DE SAN MARCOS"
3;5;12101202;0;"SAN PEDRO SACATEPEQUEZ"
4;5;12101202;101;"MUNICIPALIDAD DE SAN PEDRO SACATEPEQUEZ"
4;5;12101202;102;"EMPRESA ELECTRICA MUNICIPAL DE SAN PEDRO SACATEPEQUEZ"
4;5;12101202;103;"EMPRESA CONSTRUCTORA MUNICIPAL DE SAN PEDRO SACATEPEQUEZ"
4;5;12101202;104;"EMPRESA MUNICIPAL DE AGUA"
4;5;12101904;101;"MUNICIPALIDAD DE GUALAN"
4;5;12101904;102;"EMPRESA ELÉCTRICA MUNICIPAL DE GUALÁN"
3;5;12200001;0;"ENTIDAD MET. REGUL. DE TRANSPORTE Y TRANSITO DEL MUN. DE GUAT. Y SUS AREAS DE INFLUENCIA U."
3;5;12300599;0;"PLAN DE PRESTACIONES DEL EMPLEADO MUNICIPAL"
3;5;12400001;0;"MANCOMUNIDAD COPAN-CHORTI"
3;5;12400002;0;"MANCOMUNIDAD ERIPAZ"
3;5;12400004;0;"MANCOMUNIDAD DE NOR-ORIENTE"
3;5;12400005;0;"MANCOMUNIDAD DE MUNICIPALIDADES DE LA CUENCA DEL RIO EL NARANJO"
3;5;12400006;0;"MANCOMUNIDAD METROPOLI DE LOS ALTOS"
3;5;12400007;0;"MANCOMUNIDAD FRONTERA DEL NORTE"
3;5;12400008;0;"MUNICOPAZ"
3;5;12400009;0;"ANAM"
3;5;12400010;0;"MANCOPOQOMCHI"
3;5;12400011;0;"MANCOMUNIDAD AREA MAM DE QUETZALTENANGO"
3;5;12400012;0;"MANCOMUNIDAD DE MUNICIPIOS DE LA FRANJA TRANSVERSAL DEL NORTE"
3;5;12400013;0;"MANCOMUNIDAD TRINACIONAL FRONTERIZA RIO LEMPA"
3;5;12400014;0;"MANCOMUNIDAD DE MUNICIPIOS DEL CONO SUR, JUTIAPA"
3;5;12400015;0;"MANCOMUNIDAD MONTAÑA EL GIGANTE"
3;5;12400016;0;"MANCOMUNIDAD LAGO DE GUIJA"
3;5;21100072;0;"EMPRESA GUATEMALTECA DE TELECOMUNICACIONES -GUATEL-"
3;5;21100073;0;"ZONA LIBRE DE INDUSTRIA Y COMERCIO SANTO TOMAS DE CASTILLA -ZOLIC-"
3;5;21100074;0;"EMPRESA PORTUARIA NACIONAL SANTO TOMAS DE CASTILLA -EMPORNAC-"
3;5;21100075;0;"EMPRESA PORTUARIA QUETZAL -EPQ-"
3;5;21100076;0;"EMPRESA PORTUARIA NACIONAL DE CHAMPERICO -EPNCH-"
3;5;21100077;0;"EMPRESA FERROCARRILES DE GUATEMALA -FEGUA-"
3;5;21100078;0;"INSTITUTO NACIONAL DE COMERCIALIZACION AGRICOLA -INDECA-"
3;5;21100080;0;"INSTITUTO NACIONAL DE ELECTRIFICACION -INDE-"
3;5;21200090;0;"EMPRESA MUNICIPAL DE AGUA -EMPAGUA-"
4;5;21200090;101;"ADMINISTRACION GENERAL"
4;5;21200090;102;"FUENTES DE PRODUCCION DE AGUA"
4;5;21200090;103;"ADMINISTRACION DE LA RED"
4;5;21200090;104;"SISTEMA SANTA LUISA"
4;5;21200090;105;"SISTEMA CAMBRAY"
4;5;21200090;106;"SISTEMA ILUSIONES"
4;5;21200090;107;"SISTEMA LO DE COY"
4;5;21200090;108;"SISTEMA BRIGADA"
4;5;21200090;109;"SISTEMA DE BOMBEO OJO DE AGUA DIAMANTE"
4;5;21200090;110;"SISTEMA DE POZOS"
4;5;21200090;111;"SISTEMAS DE DRENAJES Y ALCANTARILLADO"
4;5;21200090;112;"SISTEMA DE POZOS EMERGENCIA I"
4;5;21200090;113;"SISTEMA DE BOMBEO OJO DE AGUA DIAMANTE"
4;5;21200090;115;"SISTEMA DE ALCANTARILLADO"
4;5;21200090;116;"DIRECCION DE INFRAESTRUCTURA Y OPERACIONES"
4;5;21200090;117;"DIRECCION DE PRODUCCION DE APLICACIONES"
4;5;21200090;118;"SERVICIOS A USUARIOS SECTOR 1"
4;5;21200090;119;"SERVICIOS A USUARIOS SECTOR 2"
4;5;21200090;120;"SERVICIOS A USUARIOS SECTOR 3"
4;5;21200090;121;"SERVICIOS A USUARIOS SECTOR 4"
4;5;21200090;122;"SERVICIOS A USUARIOS SECTOR 5"
4;5;21200090;123;"SERVICIOS A USUARIOS VENTANILLA UNICA"
4;5;21200090;124;"COORDINACION DE SISTEMAS DE DRENAJES Y ALCANTARILLADO"
4;5;21200090;125;"DIRECCION DE FUENTES DE PRODUCCION DE AGUA"
4;5;21200090;126;"ADMINISTRACION DE LA RED"
3;5;21200092;0;"EMPRESA ELECTRICA MUNICIPAL DE JALAPA"
3;5;21200093;0;"EMP. ELECTRICA MUNI. DE SAN PEDRO PINULA"
3;5;21200094;0;"EMPRESA ELECTRICA MUNICIPAL DE ZACAPA"
3;5;21200095;0;"EMP. HIDROELICTRICA MUNI. DE EL PROGRESO"
3;5;21200101;0;"EMPRESA ELECTRICA MUNICIPAL DE PUERTO BARRIOS"
3;5;22110620;0;"INSTITUTO DE FOMENTO DE HIPOTECAS ASEGURADAS -FHA-"
3;5;22110621;0;"CORPORACION FINANCIERA NACIONAL -CORFINA-"
3;5;22210630;0;"CREDITO HIPOTECARIO NACIONAL -CHN-"
3;5;22210633;0;"BANCO DE GUATEMALA"
