"id","nombre","tipoinstitucion_id","parent_id","abreviatura","codigo","lft","rgt","activa","usasolicitudesprivadas","unidad_ejecutora","entidad"
"1","ESTADO DE GUATEMALA",1,,"GT","GOBGT",1,1214,"FALSE","FALSE","''","''"
"2","EJECUTIVO",2,1,"EJ","1113",2,619,"FALSE","FALSE","''","''"
"3","LEGISLATIVO",2,1,"LE","1111",620,623,"FALSE","FALSE","''","''"
"4","JUDICIAL",2,1,"OJ","1112",624,639,"FALSE","FALSE","''","''"
"5","AUTONOMAS",2,1,"AU","4444",640,1213,"FALSE","FALSE","''","''"
"6","CONGRESO DE LA REPUBLICA",3,3,"CDLR","11110001",621,622,"FALSE","FALSE","0","11110001"
"7","ORGANISMO JUDICIAL",3,4,"OJ","11120002",625,638,"FALSE","FALSE","0","11120002"
"8","PRESIDENCIA",4,7,"P","11120002-101",626,627,"FALSE","FALSE","101","11120002"
"9","GERENCIA GENERAL",4,7,"GG","11120002-102",628,629,"FALSE","FALSE","102","11120002"
"10","GERENCIA ADMINISTRATIVA",4,7,"GA","11120002-103",630,631,"FALSE","FALSE","103","11120002"
"11","UNIDAD DE MODERNIZACION",4,7,"UDM","11120002-105",632,633,"FALSE","FALSE","105","11120002"
"12","UNIDAD DE ADMINISTRACION Y FINANZAS REGIONAL",4,7,"UDAYFR","11120002-201",634,635,"FALSE","FALSE","201","11120002"
"13","REGIONAL QUETZALTENANGO",4,7,"RQ","11120002-202",636,637,"FALSE","FALSE","202","11120002"
"14","PRESIDENCIA DE LA REPUBLICA.",3,2,"PDLR","11130003",3,14,"FALSE","FALSE","0","11130003"
"15","ESTADO MAYOR PRESIDENCIAL",4,14,"EMP","11130003-201",4,5,"FALSE","FALSE","201","11130003"
"16","VICEPRESIDENCIA DE LA REPUBLICA",4,14,"VDLR","11130003-202",6,7,"FALSE","FALSE","202","11130003"
"17","SECRETARÍA DE ASUNTOS ADM.Y DE SEG.DE LA PRESIDENCIA",4,14,"SDAADSLP","11130003-203",8,9,"FALSE","FALSE","203","11130003"
"18","DEPART.  DE ASUNTOS  ADMINISTR. DE LA PRESIDENCIA",4,14,"DDAADLP","11130003-204",10,11,"FALSE","FALSE","204","11130003"
"19","GUARDIA PRESIDENCIAL",4,14,"GP","11130003-205",12,13,"FALSE","FALSE","205","11130003"
"20","MINISTERIO DE RELACIONES   EXTERIORES",3,2,"MDRE","11130004",15,16,"FALSE","FALSE","0","11130004"
"21","MINISTERIO DE GOBERNACIÓN",3,2,"MDG","11130005",17,90,"FALSE","FALSE","0","11130005"
"22","DIRECCION DE SERVICIOS ADMINISTRATIVOS Y FINANCIEROS",4,21,"DDSAYF","11130005-201",18,19,"FALSE","FALSE","201","11130005"
"23","DIRECCION GENERAL DE INTELIGENCIA CIVIL",4,21,"DGDIC","11130005-202",20,21,"FALSE","FALSE","202","11130005"
"24","DIRECCION GENERAL DE LA POLICIA NACIONAL CIVIL",4,21,"DGDLPNC","11130005-203",22,23,"FALSE","FALSE","203","11130005"
"25","SECRETARIA DE ANALISIS E INFORMACION ANTINARCOTICA",4,21,"SDAEIA","11130005-204",24,25,"FALSE","FALSE","204","11130005"
"26","SUBDIRECCION GENERAL DE ESTUDIOS",4,21,"SGDE","11130005-205",26,27,"FALSE","FALSE","205","11130005"
"27","SUBDIRECCION GENERAL DE SALUD POLICIAL",4,21,"SGDSP","11130005-206",28,29,"FALSE","FALSE","206","11130005"
"28","SUBDIRECCION GENERAL DE INVESTIGACION CRIMINAL",4,21,"SGDIC","11130005-207",30,31,"FALSE","FALSE","207","11130005"
"29","SUBDIRECCION GENERAL DE PREVENCION DEL DELITO",4,21,"SGDPDD","11130005-208",32,33,"FALSE","FALSE","208","11130005"
"30","DEPARTAMENTO DE TRANSITO",4,21,"DDT","11130005-209",34,35,"FALSE","FALSE","209","11130005"
"31","DIRECCION GENERAL DEL SISTEMA PENITENCIARIO",4,21,"DGDSP","11130005-210",36,37,"FALSE","FALSE","210","11130005"
"32","DIRECCION GENERAL DE MIGRACION",4,21,"DGDM","11130005-211",38,39,"FALSE","FALSE","211","11130005"
"33","DIRECCION GENERAL DEL DIARIO DE CENTRO AMERICA Y TIPOGRAFIA NACIONAL",4,21,"DGDDDCAYTN","11130005-212",40,41,"FALSE","FALSE","212","11130005"
"34","UNIDAD PARA LA PREVENCION COMUNITARIA DE LA VIOLENCIA",4,21,"UPLPCDLV","11130005-213",42,43,"FALSE","FALSE","213","11130005"
"35","REGISTRO DE PERSONAS JURIDICAS",4,21,"RDPJ","11130005-214",44,45,"FALSE","FALSE","214","11130005"
"36","GOBERNACION DEPARTAMENTAL DE GUATEMALA",4,21,"GDDG","11130005-215",46,47,"FALSE","FALSE","215","11130005"
"37","GOBERNACION DEPARTAMENTAL DE EL PROGRESO",4,21,"GDDEP","11130005-216",48,49,"FALSE","FALSE","216","11130005"
"38","GOBERNACION DEPARTAMENTAL DE SACATEPEQUEZ",4,21,"GDDS","11130005-217",50,51,"FALSE","FALSE","217","11130005"
"39","GOBERNACION DEPARTAMENTAL DE CHIMALTENANGO",4,21,"GDDC","11130005-218",52,53,"FALSE","FALSE","218","11130005"
"40","GOBERNACION DEPARTAMENTAL DE ESCUINTLA",4,21,"GDDE","11130005-219",54,55,"FALSE","FALSE","219","11130005"
"41","GOBERNACION DEPARTAMENTAL DE SANTA ROSA",4,21,"GDDSR","11130005-220",56,57,"FALSE","FALSE","220","11130005"
"42","GOBERNACION DEPARTAMENTAL DE SOLOLA",4,21,"GDDS","11130005-221",58,59,"FALSE","FALSE","221","11130005"
"43","GOBERNACION DEPARTAMENTAL DE TOTONICAPAN",4,21,"GDDT","11130005-222",60,61,"FALSE","FALSE","222","11130005"
"44","GOBERNACION DEPARTAMENTAL DE QUETZALTENANGO",4,21,"GDDQ","11130005-223",62,63,"FALSE","FALSE","223","11130005"
"45","GOBERNACION DEPARTAMENTAL DE SUCHITEPEQUEZ",4,21,"GDDS","11130005-224",64,65,"FALSE","FALSE","224","11130005"
"46","GOBERNACION DEPARTAMENTAL DE RETALHULEU",4,21,"GDDR","11130005-225",66,67,"FALSE","FALSE","225","11130005"
"47","GOBERNACION DEPARTAMENTAL DE SAN MARCOS",4,21,"GDDSM","11130005-226",68,69,"FALSE","FALSE","226","11130005"
"48","GOBERNACION DEPARTAMENTAL DE HUEHUETENANGO",4,21,"GDDH","11130005-227",70,71,"FALSE","FALSE","227","11130005"
"49","GOBERNACION DEPARTAMENTAL DE QUICHE",4,21,"GDDQ","11130005-228",72,73,"FALSE","FALSE","228","11130005"
"50","GOBERNACION DEPARTAMENTAL DE BAJA VERAPAZ",4,21,"GDDBV","11130005-229",74,75,"FALSE","FALSE","229","11130005"
"51","GOBERNACION DEPARTAMENTAL DE ALTA VERAPAZ",4,21,"GDDAV","11130005-230",76,77,"FALSE","FALSE","230","11130005"
"52","GOBERNACION DEPARTAMENTAL DE PETEN",4,21,"GDDP","11130005-231",78,79,"FALSE","FALSE","231","11130005"
"53","GOBERNACION DEPARTAMENTAL DE IZABAL",4,21,"GDDI","11130005-232",80,81,"FALSE","FALSE","232","11130005"
"54","GOBERNACION DEPARTAMENTAL DE ZACAPA",4,21,"GDDZ","11130005-233",82,83,"FALSE","FALSE","233","11130005"
"55","GOBERNACION DEPARTAMENTAL DE CHIQUIMULA",4,21,"GDDC","11130005-234",84,85,"FALSE","FALSE","234","11130005"
"56","GOBERNACION DEPARTAMENTAL DE JALAPA",4,21,"GDDJ","11130005-235",86,87,"FALSE","FALSE","235","11130005"
"57","GOBERNACION DEPARTAMENTAL DE JUTIAPA",4,21,"GDDJ","11130005-236",88,89,"FALSE","FALSE","236","11130005"
"58","MINISTERIO DE LA DEFENSA NACIONAL",3,2,"MDLDN","11130006",91,96,"FALSE","FALSE","0","11130006"
"59","GUARDIA PRESIDENCIAL",4,58,"GP","11130006-201",92,93,"FALSE","FALSE","201","11130006"
"60","MINISTERIO DE LA DEFENSA",4,58,"MDLD","11130006-202",94,95,"FALSE","FALSE","202","11130006"
"61","MINISTERIO DE FINANZAS PÚBLICAS",3,2,"MDFP","11130007",97,144,"FALSE","FALSE","0","11130007"
"62","DIRECCION FINANCIERA",4,61,"DF","11130007-201",98,99,"FALSE","FALSE","201","11130007"
"63","DIRECCION DE RECURSOS HUMANOS",4,61,"DDRH","11130007-202",100,101,"FALSE","FALSE","202","11130007"
"64","DIRECCION DE TECNOLOGIAS DE LA INFORMACION",4,61,"DDTDLI","11130007-203",102,103,"FALSE","FALSE","203","11130007"
"65","AUDITORIA INTERNA",4,61,"AI","11130007-204",104,105,"FALSE","FALSE","204","11130007"
"66","DIRECCION DE SERVICIOS ADMINISTRATIVOS",4,61,"DDSA","11130007-205",106,107,"FALSE","FALSE","205","11130007"
"67","ASESORIA JURIDICA",4,61,"AJ","11130007-206",108,109,"FALSE","FALSE","206","11130007"
"68","DIRECCION DE CATASTRO Y AVALUO DE BIENES INMUEBLES",4,61,"DDCYADBI","11130007-207",110,111,"FALSE","FALSE","207","11130007"
"69","DIRECCION DE BIENES DEL ESTADO",4,61,"DDBDE","11130007-208",112,113,"FALSE","FALSE","208","11130007"
"70","DIRECCION TECNICA DEL PRESUPUESTO",4,61,"DTDP","11130007-209",114,115,"FALSE","FALSE","209","11130007"
"71","DIRECCION DE CONTABILIDAD DEL ESTADO",4,61,"DDCDE","11130007-210",116,117,"FALSE","FALSE","210","11130007"
"72","TESORERIA NACIONAL",4,61,"TN","11130007-211",118,119,"FALSE","FALSE","211","11130007"
"73","DIRECCION DE CREDITO PUBLICO",4,61,"DDCP","11130007-212",120,121,"FALSE","FALSE","212","11130007"
"74","DIRECCION NORMATIVA DE CONTRATACIONES Y ADQUISICIONES DEL ESTADO",4,61,"DNDCYADE","11130007-213",122,123,"FALSE","FALSE","213","11130007"
"75","PROYECTO SIAF-SAG",4,61,"PS","11130007-214",124,125,"FALSE","FALSE","214","11130007"
"76","TALLER NACIONAL DE GRABADOS EN ACERO",4,61,"TNDGEA","11130007-215",126,127,"FALSE","FALSE","215","11130007"
"77","REGISTRO DE INGRESOS",4,61,"RDI","11130007-216",128,129,"FALSE","FALSE","216","11130007"
"78","REGISTRO DE INGRESOS CREDITO PUBLICO",4,61,"RDICP","11130007-217",130,131,"FALSE","FALSE","217","11130007"
"79","DESPACHO MINISTERIAL Y VICEMINISTERIALES",4,61,"DMYV","11130007-218",132,133,"FALSE","FALSE","218","11130007"
"80","DIRECCION DE COMUNICACION SOCIAL",4,61,"DDCS","11130007-219",134,135,"FALSE","FALSE","219","11130007"
"81","DIRECCION DE ANALISIS Y EVALUACION FISCAL",4,61,"DDAYEF","11130007-220",136,137,"FALSE","FALSE","220","11130007"
"82","DIRECCION DE TRANSPARENCIA FISCAL",4,61,"DDTF","11130007-221",138,139,"FALSE","FALSE","221","11130007"
"83","DIRECCION DE FIDEICOMISOS",4,61,"DDF","11130007-222",140,141,"FALSE","FALSE","222","11130007"
"84","DIR.DE ASISTENCIA A LA ADMON. FINANCIERA MUNICIPAL",4,61,"DAALAFM","11130007-223",142,143,"FALSE","FALSE","223","11130007"
"85","MINISTERIO DE EDUCACIÓN",3,2,"MDE","11130008",145,268,"FALSE","FALSE","0","11130008"
"86","DIRECCION DE SERVICIOS ADMINISTRATIVOS",4,85,"DDSA","11130008-101",146,147,"FALSE","FALSE","101","11130008"
"87","DIRECCION DE INFORMATICA",4,85,"DDI","11130008-102",148,149,"FALSE","FALSE","102","11130008"
"88","DIRECCION DE RECURSOS HUMANOS",4,85,"DDRH","11130008-103",150,151,"FALSE","FALSE","103","11130008"
"89","DICADE",4,85,"D","11130008-104",152,153,"FALSE","FALSE","104","11130008"
"90","DIRECCION DE PLANIFICACION EDUCATIVA",4,85,"DDPE","11130008-105",154,155,"FALSE","FALSE","105","11130008"
"91","UNIDAD DE INNOVACION EDUCATIVA",4,85,"UDIE","11130008-106",156,157,"FALSE","FALSE","106","11130008"
"92","DIREC. GENERAL DE PROYECTOS DE APOYO",4,85,"DGDPDA","11130008-107",158,159,"FALSE","FALSE","107","11130008"
"93","DIRECCION GENERAL DE EDUCACION BILINGUE INTERCULTURAL",4,85,"DGDEBI","11130008-108",160,161,"FALSE","FALSE","108","11130008"
"94","DIRECCION GENERAL DE EDUCACION FISICA",4,85,"DGDEF","11130008-109",162,163,"FALSE","FALSE","109","11130008"
"95","DIRECCION GENERAL DE EDUCACION EXTRAESCOLAR",4,85,"DGDEE","11130008-110",164,165,"FALSE","FALSE","110","11130008"
"96","COMITE NACIONAL DE ALFABETIZACION",4,85,"CNDA","11130008-111",166,167,"FALSE","FALSE","111","11130008"
"97","DIRECCION DE COOPERACION NACIONAL E INTERNACIONAL",4,85,"DDCNEI","11130008-112",168,169,"FALSE","FALSE","112","11130008"
"98","UNIDAD COORDINADORA DE PROYECTOS",4,85,"UCDP","11130008-113",170,171,"FALSE","FALSE","113","11130008"
"99","PROG. NAC. DE AUTOGESTION PARA EL DESARROLLO EDUCATIVO",4,85,"PNDAPEDE","11130008-114",172,173,"FALSE","FALSE","114","11130008"
"100","DIRECCION DE AUDITORIA INTERNA",4,85,"DDAI","11130008-115",174,175,"FALSE","FALSE","115","11130008"
"101","DIRECCION DE ASESORIA JURIDICA",4,85,"DDAJ","11130008-116",176,177,"FALSE","FALSE","116","11130008"
"102","DIRECCION DE COMUNICACION SOCIAL",4,85,"DDCS","11130008-117",178,179,"FALSE","FALSE","117","11130008"
"103","DIRECCION DE ADQUISICIONES Y CONTRATACIONES",4,85,"DDAYC","11130008-118",180,181,"FALSE","FALSE","118","11130008"
"104","DIRECCION GENERAL DE COBERTURA E INFRAESTRUCTURA EDUCATIVA",4,85,"DGDCEIE","11130008-119",182,183,"FALSE","FALSE","119","11130008"
"105","DIRECCION GENERAL DE EVALUACION E INVESTIGACION EDUCATIVA",4,85,"DGDEEIE","11130008-120",184,185,"FALSE","FALSE","120","11130008"
"106","DIRECCIÓN GENERAL DE ACREDITACIÓN Y CERTIFICACIÓN",4,85,"DGDAYC","11130008-121",186,187,"FALSE","FALSE","121","11130008"
"107","DIRECCIÓN DE DESARROLLO Y FORTALECIMIENTO INSTITUCIONAL",4,85,"DDDYFI","11130008-122",188,189,"FALSE","FALSE","122","11130008"
"108","DIRECCIÓN GENERAL DE PARTICIPACION COMUNITARIA Y SERVICIOS DE APOYO",4,85,"DGDPCYSDA","11130008-123",190,191,"FALSE","FALSE","123","11130008"
"109","DIRECCIÓN GENERAL DE GESTIÓN DE CALIDAD EDUCATIVA",4,85,"DGDGDCE","11130008-124",192,193,"FALSE","FALSE","124","11130008"
"110","DIRECCION GENERAL DE EDUCACION ESPECIAL",4,85,"DGDEE","11130008-125",194,195,"FALSE","FALSE","125","11130008"
"111","DIRECCION GENERAL DE CURRICULO",4,85,"DGDC","11130008-126",196,197,"FALSE","FALSE","126","11130008"
"112","DIRECCION GENERAL DE FORTALECIMIENTO A LA COMUNIDAD EDUCATIVA",4,85,"DGDFALCE","11130008-127",198,199,"FALSE","FALSE","127","11130008"
"113","DIRECCION GENERAL DE MONITOREO Y VERIFICACION DE LA CALIDAD",4,85,"DGDMYVDLC","11130008-128",200,201,"FALSE","FALSE","128","11130008"
"114","DIRECCION GENERAL DE COORDINACION DE DIRECCIONES DEPARTAMENTALES DE EDUCACION",4,85,"DGDCDDDDE","11130008-129",202,203,"FALSE","FALSE","129","11130008"
"115","DIRECCION DE DESARROLLO MAGISTERIAL",4,85,"DDDM","11130008-130",204,205,"FALSE","FALSE","130","11130008"
"116","DIRECCION EJECUTORA DEL PROGRAMA MI FAMILIA PROGRESA",4,85,"DEDPMFP","11130008-131",206,207,"FALSE","FALSE","131","11130008"
"117","DIRECCION DE ADMINISTRACION FINANCIERA",4,85,"DDAF","11130008-201",208,209,"FALSE","FALSE","201","11130008"
"118","DIRECCION DEPARTAMENTAL DE EDUCACION DE GUATEMALA",4,85,"DDDEDG","11130008-301",210,211,"FALSE","FALSE","301","11130008"
"119","DIRECCION DEPARTAMENTAL DE EDUCACION DE EL PROGRESO",4,85,"DDDEDEP","11130008-302",212,213,"FALSE","FALSE","302","11130008"
"120","DIRECCION DEPARTAMENTAL DE EDUCACION DE SACATEPEQUEZ",4,85,"DDDEDS","11130008-303",214,215,"FALSE","FALSE","303","11130008"
"121","DIRECCION DEPARTAMENTAL EDUCACION DE CHIMALTENANGO",4,85,"DDEDC","11130008-304",216,217,"FALSE","FALSE","304","11130008"
"122","DIRECCION DEPARTAMENTAL DE EDUCACION DE ESCUINTLA",4,85,"DDDEDE","11130008-305",218,219,"FALSE","FALSE","305","11130008"
"123","DIRECCION DEPARTAMENTAL DE EDUCACION DE SANTA ROSA",4,85,"DDDEDSR","11130008-306",220,221,"FALSE","FALSE","306","11130008"
"124","DIRECCION DEPARTAMENTAL DE EDUCACION DE SOLOLA",4,85,"DDDEDS","11130008-307",222,223,"FALSE","FALSE","307","11130008"
"125","DIRECCION DEPARTAMENTAL DE EDUCACION DE TOTONICAPAN",4,85,"DDDEDT","11130008-308",224,225,"FALSE","FALSE","308","11130008"
"126","DIRECCION DEPARTAMENTAL DE EDUCACION DE QUETZALTENANGO",4,85,"DDDEDQ","11130008-309",226,227,"FALSE","FALSE","309","11130008"
"127","DIRECCION DEPARTAMENTAL DE EDUCACION DE SUCHITEPEQUEZ",4,85,"DDDEDS","11130008-310",228,229,"FALSE","FALSE","310","11130008"
"128","DIRECCION DEPARTAMENTAL DE EDUCACION DE RETALHULEU",4,85,"DDDEDR","11130008-311",230,231,"FALSE","FALSE","311","11130008"
"129","DIRECCION DEPARTAMENTAL DE EDUCACION DE SAN MARCOS",4,85,"DDDEDSM","11130008-312",232,233,"FALSE","FALSE","312","11130008"
"130","DIRECCION DEPARTAMENTAL DE EDUCACION DE HUEHUETENANGO",4,85,"DDDEDH","11130008-313",234,235,"FALSE","FALSE","313","11130008"
"131","DIRECCION DEPARTAMENTAL DE EDUCACION DE EL QUICHE",4,85,"DDDEDEQ","11130008-314",236,237,"FALSE","FALSE","314","11130008"
"132","DIRECCCION DEPARTAMENTAL DE EDUCACION DE BAJA VERAPAZ",4,85,"DDDEDBV","11130008-315",238,239,"FALSE","FALSE","315","11130008"
"133","DIRECCION DEPARTAMENTAL DE EDUCACION DE ALTA VERAPAZ",4,85,"DDDEDAV","11130008-316",240,241,"FALSE","FALSE","316","11130008"
"134","DIRECCION DEPARTAMENTAL DE EDUCACION DE PETEN",4,85,"DDDEDP","11130008-317",242,243,"FALSE","FALSE","317","11130008"
"135","DIRECCION DEPARTAMENTAL DE EDUCACION DE IZABAL",4,85,"DDDEDI","11130008-318",244,245,"FALSE","FALSE","318","11130008"
"136","DIRECCION DEPARTAMENTAL DE EDUCACION DE ZACAPA",4,85,"DDDEDZ","11130008-319",246,247,"FALSE","FALSE","319","11130008"
"137","DIRECCION DEPARTAMENTAL DE EDUCACION DE CHIQUIMULA",4,85,"DDDEDC","11130008-320",248,249,"FALSE","FALSE","320","11130008"
"138","DIRECCION DEPARTAMENTAL DE EDUCACION DE JALAPA",4,85,"DDDEDJ","11130008-321",250,251,"FALSE","FALSE","321","11130008"
"139","DIRECCION DEPARTAMENTAL DE EDUCACION DE JUTIAPA",4,85,"DDDEDJ","11130008-322",252,253,"FALSE","FALSE","322","11130008"
"140","DIRECCION DEPARTAMENTAL DE EDUCACION GUATEMALA NORTE",4,85,"DDDEGN","11130008-323",254,255,"FALSE","FALSE","323","11130008"
"141","DIRECCION DEPARTAMENTAL DE EDUCACION GUATEMALA SUR",4,85,"DDDEGS","11130008-324",256,257,"FALSE","FALSE","324","11130008"
"142","DIRECCION DEPARTAMENTAL DE EDUCACION GUATEMALA ORIENTE",4,85,"DDDEGO","11130008-325",258,259,"FALSE","FALSE","325","11130008"
"143","DIRECCION DEPARTAMENTAL DE EDUCACION GUATEMALA OCCIDENTE",4,85,"DDDEGO","11130008-326",260,261,"FALSE","FALSE","326","11130008"
"144","DIRECCION DEPARTAMENTAL DE EDUCACION PETEN CENTRAL",4,85,"DDDEPC","11130008-327",262,263,"FALSE","FALSE","327","11130008"
"145","DIRECCION DEPARTAMENTAL DE EDUCACION PETEN ORIENTE",4,85,"DDDEPO","11130008-328",264,265,"FALSE","FALSE","328","11130008"
"146","DIRECCION DEPARTAMENTAL DE EDUCACION PETEN OCCIDENTE",4,85,"DDDEPO","11130008-329",266,267,"FALSE","FALSE","329","11130008"
"147","MINISTERIO DE SALUD PÚBLICA Y ASISTENCIA SOCIAL",3,2,"MDSPYAS","11130009",269,436,"FALSE","FALSE","0","11130009"
"148","DEPARTAMENTO ADMINISTRATIVO",4,147,"DA","11130009-201",270,271,"FALSE","FALSE","201","11130009"
"149","AREA DE SALUD GUATEMALA NOR ORIENTE",4,147,"ADSGNO","11130009-202",272,273,"FALSE","FALSE","202","11130009"
"150","AREA DE SALUD GUATEMALA NOR OCCIDENTE",4,147,"ADSGNO","11130009-203",274,275,"FALSE","FALSE","203","11130009"
"151","AREA DE SALUD GUATEMALA SUR",4,147,"ADSGS","11130009-204",276,277,"FALSE","FALSE","204","11130009"
"152","JEFATURA DE AREA DE SALUD DE EL PROGRESO",4,147,"JDADSDEP","11130009-205",278,279,"FALSE","FALSE","205","11130009"
"153","JEFATURA DE AREA DE SALUD DE SACATEPEQUEZ",4,147,"JDADSDS","11130009-206",280,281,"FALSE","FALSE","206","11130009"
"154","JEFE DE AREA DE SALUD DE CHIMALTENANGO",4,147,"JDADSDC","11130009-207",282,283,"FALSE","FALSE","207","11130009"
"155","JEFATURA DE AREA DE SALUD DE ESCUINTLA",4,147,"JDADSDE","11130009-208",284,285,"FALSE","FALSE","208","11130009"
"156","JEFATURA DE AREA DE SALUD DE SANTA ROSA",4,147,"JDADSDSR","11130009-209",286,287,"FALSE","FALSE","209","11130009"
"157","JEFATURA DE AREA DE SALUD DE SOLOLA",4,147,"JDADSDS","11130009-210",288,289,"FALSE","FALSE","210","11130009"
"158","JEFATURA DE AREA DE SALUD DE TOTONICAPAN",4,147,"JDADSDT","11130009-211",290,291,"FALSE","FALSE","211","11130009"
"159","JEFATURA DE  AREA DE SALUD DE QUETZALTENANGO",4,147,"JDADSDQ","11130009-212",292,293,"FALSE","FALSE","212","11130009"
"160","JEFATURA DE AREA DE SALUD DE SUCHITEPEQUEZ",4,147,"JDADSDS","11130009-213",294,295,"FALSE","FALSE","213","11130009"
"161","JEFATURA DE AREA DE SALUD DE RETALHULEU",4,147,"JDADSDR","11130009-214",296,297,"FALSE","FALSE","214","11130009"
"162"," JEFATURA DE AREA DE SALUD DE SAN MARCOS",4,147,"JDADSDSM","11130009-215",298,299,"FALSE","FALSE","215","11130009"
"163","JEFATURA DE AREA DE SALUD DE HUHUETENANGO",4,147,"JDADSDH","11130009-216",300,301,"FALSE","FALSE","216","11130009"
"164","JEFATURA DE AREA DE SALUD DEL QUICHE",4,147,"JDADSDQ","11130009-217",302,303,"FALSE","FALSE","217","11130009"
"165","JEFATURA DE AREA DE SALUD DE IXCAN",4,147,"JDADSDI","11130009-218",304,305,"FALSE","FALSE","218","11130009"
"166","JEFATURA DE AREA DE SALUD DE BAJA VERAPAZ",4,147,"JDADSDBV","11130009-219",306,307,"FALSE","FALSE","219","11130009"
"167"," JEFATURA DE AREA DE SALUD DE ALTA VERAPAZ",4,147,"JDADSDAV","11130009-220",308,309,"FALSE","FALSE","220","11130009"
"168"," JEFATURA DE AREA DE SALUD DE PETEN NORTE",4,147,"JDADSDPN","11130009-221",310,311,"FALSE","FALSE","221","11130009"
"169"," JEFE DE AREA DE SALUD DE IZABAL",4,147,"JDADSDI","11130009-222",312,313,"FALSE","FALSE","222","11130009"
"170","JEFATURA DE AREA DE SALUD DE ZACAPA",4,147,"JDADSDZ","11130009-223",314,315,"FALSE","FALSE","223","11130009"
"171","JEFATURA DE AREA DE CHIQUIMULA",4,147,"JDADC","11130009-224",316,317,"FALSE","FALSE","224","11130009"
"172"," JEFATURA DE AREA DE SALUD DE JALAPA",4,147,"JDADSDJ","11130009-225",318,319,"FALSE","FALSE","225","11130009"
"173"," JEFATURA DE AREA DE SALUD DE JUTIAPA",4,147,"JDADSDJ","11130009-226",320,321,"FALSE","FALSE","226","11130009"
"174","HOSPITAL GENERAL SAN JUAN DE DIOS",4,147,"HGSJDD","11130009-227",322,323,"FALSE","FALSE","227","11130009"
"175","HOSPITAL DE SALUD MENTAL",4,147,"HDSM","11130009-228",324,325,"FALSE","FALSE","228","11130009"
"176","HOSPITAL DE ORTOPEDIA Y REHABILITACION",4,147,"HDOYR","11130009-229",326,327,"FALSE","FALSE","229","11130009"
"177","HOSPITAL ROOSEVELT",4,147,"HR","11130009-230",328,329,"FALSE","FALSE","230","11130009"
"178","HOSPITAL DE INFECTOLOGMA Y REHABILITACION",4,147,"HDIYR","11130009-231",330,331,"FALSE","FALSE","231","11130009"
"179","HOSPITAL DE SAN VICENTE",4,147,"HDSV","11130009-232",332,333,"FALSE","FALSE","232","11130009"
"180","HOSPITAL DE AMATITLAN",4,147,"HDA","11130009-233",334,335,"FALSE","FALSE","233","11130009"
"181"," HOSPITAL DE EL PROGRESO",4,147,"HDEP","11130009-234",336,337,"FALSE","FALSE","234","11130009"
"182","HOSPITAL PEDRO DE BETHANCOURT",4,147,"HPDB","11130009-235",338,339,"FALSE","FALSE","235","11130009"
"183","HOGAR DE ANCIANOS FRAY R. DE LA CRUZ",4,147,"HDAFRDLC","11130009-236",340,341,"FALSE","FALSE","236","11130009"
"184","HOSPITAL  DE CHIMALTENANGO",4,147,"HDC","11130009-237",342,343,"FALSE","FALSE","237","11130009"
"185","HOSPITAL DE ESCUINTLA",4,147,"HDE","11130009-238",344,345,"FALSE","FALSE","238","11130009"
"186","HOSPITAL DE  TIQUISATE",4,147,"HDT","11130009-239",346,347,"FALSE","FALSE","239","11130009"
"187","HOSPITAL DE CUILAPA",4,147,"HDC","11130009-240",348,349,"FALSE","FALSE","240","11130009"
"188","HOSPITAL DE SOLOLA",4,147,"HDS","11130009-241",350,351,"FALSE","FALSE","241","11130009"
"189","HOSPITAL DE TOTONICAPAN",4,147,"HDT","11130009-242",352,353,"FALSE","FALSE","242","11130009"
"190","HOSPITAL GENERAL DE OCCIDENTE",4,147,"HGDO","11130009-243",354,355,"FALSE","FALSE","243","11130009"
"191","HOSPITAL RODOLFO ROBLES",4,147,"HRR","11130009-244",356,357,"FALSE","FALSE","244","11130009"
"192","HOSPITAL DE COATEPEQUE",4,147,"HDC","11130009-245",358,359,"FALSE","FALSE","245","11130009"
"193","HOSPITAL DE MAZATENANGO",4,147,"HDM","11130009-246",360,361,"FALSE","FALSE","246","11130009"
"194","HOSPITAL DE RETALHULEU",4,147,"HDR","11130009-247",362,363,"FALSE","FALSE","247","11130009"
"195","HOSPITAL DE  SAN MARCOS",4,147,"HDSM","11130009-248",364,365,"FALSE","FALSE","248","11130009"
"196","HOSPITAL DE MALACATAN",4,147,"HDM","11130009-249",366,367,"FALSE","FALSE","249","11130009"
"197","HOSPITAL DE HUEHUETENANGO",4,147,"HDH","11130009-250",368,369,"FALSE","FALSE","250","11130009"
"198","HOSPITAL DE SAN PEDRO NECTA",4,147,"HDSPN","11130009-251",370,371,"FALSE","FALSE","251","11130009"
"199","HOSPITAL DE QUICHE",4,147,"HDQ","11130009-252",372,373,"FALSE","FALSE","252","11130009"
"200","HOSPITAL DE SALAMA",4,147,"HDS","11130009-253",374,375,"FALSE","FALSE","253","11130009"
"201","HOSPITAL DE COBAN",4,147,"HDC","11130009-254",376,377,"FALSE","FALSE","254","11130009"
"202","HOSPITAL DE SAN BENITO",4,147,"HDSB","11130009-255",378,379,"FALSE","FALSE","255","11130009"
"203","HOSPITAL DE  MELCHOR DE MENCOS",4,147,"HDMDM","11130009-256",380,381,"FALSE","FALSE","256","11130009"
"204","HOSPITAL DE SAYAXCHI",4,147,"HDS","11130009-257",382,383,"FALSE","FALSE","257","11130009"
"205","CENTRO DE SALUD  DE POPTUN",4,147,"CDSDP","11130009-258",384,385,"FALSE","FALSE","258","11130009"
"206","HOSPITAL DE PUERTO BARRIOS",4,147,"HDPB","11130009-259",386,387,"FALSE","FALSE","259","11130009"
"207","HOSPITAL INFANTIL DE PUERTO BARRIOS",4,147,"HIDPB","11130009-260",388,389,"FALSE","FALSE","260","11130009"
"208","HOSPITAL DE  ZACAPA",4,147,"HDZ","11130009-261",390,391,"FALSE","FALSE","261","11130009"
"209","HOSPITAL DE CHIQUIMULA",4,147,"HDC","11130009-262",392,393,"FALSE","FALSE","262","11130009"
"210","HOSPITAL DE JALAPA",4,147,"HDJ","11130009-263",394,395,"FALSE","FALSE","263","11130009"
"211","HOSPITAL DE JUTIAPA",4,147,"HDJ","11130009-264",396,397,"FALSE","FALSE","264","11130009"
"212","AREA DE SALUD DE PETEN SUROCCIDENTE",4,147,"ADSDPS","11130009-265",398,399,"FALSE","FALSE","265","11130009"
"213","AREA DE SALUD DE PETEN SURORIENTE",4,147,"ADSDPS","11130009-266",400,401,"FALSE","FALSE","266","11130009"
"214","HOSPITAL DE JOYABAJ",4,147,"HDJ","11130009-267",402,403,"FALSE","FALSE","267","11130009"
"215","HOSPITAL DE NEBAJ",4,147,"HDN","11130009-268",404,405,"FALSE","FALSE","268","11130009"
"216","HOSPITAL DE USPANTAN",4,147,"HDU","11130009-269",406,407,"FALSE","FALSE","269","11130009"
"217","HOSPITAL FRAY BARTOLOME DE LAS CASAS",4,147,"HFBDLC","11130009-270",408,409,"FALSE","FALSE","270","11130009"
"218","HOSPITAL DE LA TINTA",4,147,"HDLT","11130009-271",410,411,"FALSE","FALSE","271","11130009"
"219","ESCUELAS FORMADORAS EN LA CAPITAL",4,147,"EFELC","11130009-272",412,413,"FALSE","FALSE","272","11130009"
"220","ESCUELAS FORMADORAS EN COBAN A.V.",4,147,"EFECA","11130009-273",414,415,"FALSE","FALSE","273","11130009"
"221","ESCUELAS FORMADORAS EN QUETZALTENANGO",4,147,"EFEQ","11130009-274",416,417,"FALSE","FALSE","274","11130009"
"222","ESCUELAS FORMADORAS EN MAZATENANGO",4,147,"EFEM","11130009-275",418,419,"FALSE","FALSE","275","11130009"
"223","ESCUELAS FORMADORAS EN JUTIAPA",4,147,"EFEJ","11130009-276",420,421,"FALSE","FALSE","276","11130009"
"224","INSTITUTO DE ADIESTRAMIENTO DE PERSONAL INDAPS",4,147,"IDADPI","11130009-277",422,423,"FALSE","FALSE","277","11130009"
"225","AREA DE SALUD GUATEMALA CENTRAL",4,147,"ADSGC","11130009-278",424,425,"FALSE","FALSE","278","11130009"
"226","PROGRAMA DE ACCESIBILIDAD DE MEDICAMENTOS",4,147,"PDADM","11130009-279",426,427,"FALSE","FALSE","279","11130009"
"227","LABORATORIO NACIONAL DE SALUD",4,147,"LNDS","11130009-280",428,429,"FALSE","FALSE","280","11130009"
"228","CEMENTERIO NACIONAL",4,147,"CN","11130009-281",430,431,"FALSE","FALSE","281","11130009"
"229","UNIDAD EJECUTORA DE PROYECTOS DE INFRAESTRUCTURA DE SALUD",4,147,"UEDPDIDS","11130009-282",432,433,"FALSE","FALSE","282","11130009"
"230","AREA DE SALUD IXIL",4,147,"ADSI","11130009-283",434,435,"FALSE","FALSE","283","11130009"
"231","MINISTERIO DE TRABAJO Y PREVISIÓN SOCIAL",3,2,"MDTYPS","11130010",437,438,"FALSE","FALSE","0","11130010"
"232","MINISTERIO DE ECONOMÍA",3,2,"MDE","11130011",439,440,"FALSE","FALSE","0","11130011"
"233","MINISTERIO DE AGRICULTURA, GANADERÍA Y ALIMENTACIÓN",3,2,"MDAGYA","11130012",441,454,"FALSE","FALSE","0","11130012"
"234","UNIDAD FINANCIERA",4,233,"UF","11130012-201",442,443,"FALSE","FALSE","201","11130012"
"235","DESARROLLO RURAL PRIMERA FASE REGION: OCCIDENTE",4,233,"DRPFRO","11130012-202",444,445,"FALSE","FALSE","202","11130012"
"236","DES. RURAL 1ERA FASE REG: CENTRAL SUR Y NORORIENTE",4,233,"DR1FRCSYN","11130012-203",446,447,"FALSE","FALSE","203","11130012"
"237","DESARROLLO DE LA FRUTICULTURA Y AGROINDUSTRIA",4,233,"DDLFYA","11130012-204",448,449,"FALSE","FALSE","204","11130012"
"238","SERVICIOS DE NORMAS Y REGULACIONES",4,233,"SDNYR","11130012-205",450,451,"FALSE","FALSE","205","11130012"
"239","SEGURIDAD ALIMENTARIA",4,233,"SA","11130012-206",452,453,"FALSE","FALSE","206","11130012"
"240","MINISTERIO DE  COMUNICACIONES, INFRAESTRUCTURA Y VIVIENDA",3,2,"MDCIYV","11130013",455,490,"FALSE","FALSE","0","11130013"
"241","DIRECCION SUPERIOR",4,240,"DS","11130013-201",456,457,"FALSE","FALSE","201","11130013"
"242","DIRECCION GENERAL DE CAMINOS",4,240,"DGDC","11130013-202",458,459,"FALSE","FALSE","202","11130013"
"243","UNIDAD EJECUTORA DE CONSERVACION VIAL -COVIAL-",4,240,"UEDCV-","11130013-203",460,461,"FALSE","FALSE","203","11130013"
"244","DIRECCION GENERAL DE TRANSPORTES",4,240,"DGDT","11130013-204",462,463,"FALSE","FALSE","204","11130013"
"245","DIRECCION GENERAL DE AERONAUTICA CIVIL",4,240,"DGDAC","11130013-205",464,465,"FALSE","FALSE","205","11130013"
"246","UNIDAD DE CONSTRUCCION DE EDIFICIOS DEL ESTADO -UCEE-",4,240,"UDCDEDE-","11130013-206",466,467,"FALSE","FALSE","206","11130013"
"247","DIRECCION GENERAL DE RADIODIFUSION Y TELEVISION NACIONAL",4,240,"DGDRYTN","11130013-207",468,469,"FALSE","FALSE","207","11130013"
"248","UNIDAD DE CONTROL Y SUPERVISION DE CABLE -UNCOSU-",4,240,"UDCYSDC-","11130013-208",470,471,"FALSE","FALSE","208","11130013"
"249","INSTITUTO NACIONAL DE SISMOLOGIA, VULCANOLOGIA, METEOROLOGIA E HIDROLOGIA -INSIVUMEH-",4,240,"INDSVMEH-","11130013-209",472,473,"FALSE","FALSE","209","11130013"
"250","DIRECCION GENERAL DE CORREOS Y TELEGRAFOS",4,240,"DGDCYT","11130013-210",474,475,"FALSE","FALSE","210","11130013"
"251","SUPERINTENDENCIA DE TELECOMUNICACIONES -SIT-",4,240,"SDT-","11130013-211",476,477,"FALSE","FALSE","211","11130013"
"252","FONDO PARA EL DESARROLLO DE LA TELEFONIA -FONDETEL-",4,240,"FPEDDLT-","11130013-212",478,479,"FALSE","FALSE","212","11130013"
"253","FONDO GUATEMALTECO PARA LA VIVIENDA -FOGUAVI-",4,240,"FGPLV-","11130013-213",480,481,"FALSE","FALSE","213","11130013"
"254","UNIDAD PARA EL DESARROLLO DE VIVIENDA POPULAR -UDEVIPO-",4,240,"UPEDDVP-","11130013-214",482,483,"FALSE","FALSE","214","11130013"
"255","INSTITUTO GEOGRAFICO NACIONAL -IGN-",4,240,"IGN-","11130013-215",484,485,"FALSE","FALSE","215","11130013"
"256","DIRECCION GENERAL DE PROTECCION Y SEGURIDAD VIAL -PROVIAL-",4,240,"DGDPYSV-","11130013-216",486,487,"FALSE","FALSE","216","11130013"
"257","FONDO SOCIAL DE SOLIDARIDAD",4,240,"FSDS","11130013-217",488,489,"FALSE","FALSE","217","11130013"
"258","MINISTERIO DE ENERGÍA Y MINAS",3,2,"MDEYM","11130014",491,492,"FALSE","FALSE","0","11130014"
"259","MINISTERIO DE CULTURA Y DEPORTES",3,2,"MDCYD","11130015",493,526,"FALSE","FALSE","0","11130015"
"260","DIRECCION SUPERIOR",4,259,"DS","11130015-101",494,495,"FALSE","FALSE","101","11130015"
"261","DIRECCION GENERAL DE LAS ARTES",4,259,"DGDLA","11130015-102",496,497,"FALSE","FALSE","102","11130015"
"262","DIRECCION GENERAL DEL PATRIMONIO CULTURAL Y NATURAL",4,259,"DGDPCYN","11130015-103",498,499,"FALSE","FALSE","103","11130015"
"263","DIRECCION GENERAL DEL DEPORTE Y LA RECREACION",4,259,"DGDDYLR","11130015-104",500,501,"FALSE","FALSE","104","11130015"
"264","DIRECCION GENERAL DE DESARROLLO CULTURAL Y FORTALECIMIENTO DE LAS CULTURAS",4,259,"DGDDCYFDLC","11130015-105",502,503,"FALSE","FALSE","105","11130015"
"265","BIBLIOTECA NACIONAL DE GUATEMALA",4,259,"BNDG","11130015-106",504,505,"FALSE","FALSE","106","11130015"
"266","CENTRO CULTURAL MIGUEL ANGEL ASTURIAS",4,259,"CCMAA","11130015-203",506,507,"FALSE","FALSE","203","11130015"
"267","EDITORIAL CULTURA",4,259,"EC","11130015-204",508,509,"FALSE","FALSE","204","11130015"
"268","ORQUESTA SINFONICA NACIONAL",4,259,"OSN","11130015-205",510,511,"FALSE","FALSE","205","11130015"
"269","TEATRO DE BELLAS ARTES",4,259,"TDBA","11130015-206",512,513,"FALSE","FALSE","206","11130015"
"270","PARQUE NACIONAL TIKAL",4,259,"PNT","11130015-208",514,515,"FALSE","FALSE","208","11130015"
"271","SITIOS ARQUEOLOGICOS",4,259,"SA","11130015-209",516,517,"FALSE","FALSE","209","11130015"
"272","MUSEOS",4,259,"M","11130015-210",518,519,"FALSE","FALSE","210","11130015"
"273","ARCHIVO GENERAL DE CENTROAMERICA",4,259,"AGDC","11130015-211",520,521,"FALSE","FALSE","211","11130015"
"274","BALLET NACIONAL DE GUATEMALA",4,259,"BNDG","11130015-212",522,523,"FALSE","FALSE","212","11130015"
"275","PALACIO NACIONAL DE LA CULTURA",4,259,"PNDLC","11130015-213",524,525,"FALSE","FALSE","213","11130015"
"276","SECRETARÍAS Y OTRAS DEPENDENCIAS DEL EJECUTIVO",3,2,"SYODDE","11130016",527,612,"FALSE","FALSE","0","11130016"
"277","SECRETARÍA GENERAL",4,276,"SG","11130016-201",528,529,"FALSE","FALSE","201","11130016"
"278","COMISION PRESIDENCIAL COORDINADORA DE DERECHOS HUMANOS",4,276,"CPCDDH","11130016-202",530,531,"FALSE","FALSE","202","11130016"
"279","SECRETARÍA PRIVADA DE LA PRESIDENCIA",4,276,"SPDLP","11130016-203",532,533,"FALSE","FALSE","203","11130016"
"280","SECRETARÍA DE COORDINACION  EJECUTIVA  DE LA PRESIDENCIA",4,276,"SDCEDLP","11130016-204",534,535,"FALSE","FALSE","204","11130016"
"281","CONSEJOS DE DESARROLLO URBANO Y RURAL",4,276,"CDDUYR","11130016-205",536,537,"FALSE","FALSE","205","11130016"
"282","DESARROLLO INTEGRAL DE COMUNIDADES RURALES",4,276,"DIDCR","11130016-206",538,539,"FALSE","FALSE","206","11130016"
"283","DIRECCION DE ASENTAMIENTOS HUMANOS Y VIVIENDA",4,276,"DDAHYV","11130016-207",540,541,"FALSE","FALSE","207","11130016"
"284","FONDO NACIONAL PARA LA PAZ",4,276,"FNPLP","11130016-208",542,543,"FALSE","FALSE","208","11130016"
"285","FONDO DE INVERSION SOCIAL",4,276,"FDIS","11130016-209",544,545,"FALSE","FALSE","209","11130016"
"286","FONDO DE DESARROLLO INDIGENA GUATEMALTECO",4,276,"FDDIG","11130016-210",546,547,"FALSE","FALSE","210","11130016"
"287","SECRETARÍA DE COMUNICACION SOCIAL DE LA PRESIDENCIA DE LA R.",4,276,"SDCSDLPDLR","11130016-211",548,549,"FALSE","FALSE","211","11130016"
"288","SECRETARÍA DE BIENESTAR SOCIAL DE LA PRESIDENCIA DE LA REP.",4,276,"SDBSDLPDLR","11130016-212",550,551,"FALSE","FALSE","212","11130016"
"289","MEJORAMIENTO INSTITUCIONAL SECRETARÍAS",4,276,"MIS","11130016-213",552,553,"FALSE","FALSE","213","11130016"
"290","SECRETARÍA DE LA PAZ",4,276,"SDLP","11130016-214",554,555,"FALSE","FALSE","214","11130016"
"291","SECRETARÍA DE RECURSOS HIDRAULICOS",4,276,"SDRH","11130016-215",556,557,"FALSE","FALSE","215","11130016"
"292","OFICINA NACIONAL DE SERVICIO CIVIL",4,276,"ONDSC","11130016-216",558,559,"FALSE","FALSE","216","11130016"
"293","CONSEJO NACIONAL DE AREAS PROTEGIDAS",4,276,"CNDAP","11130016-217",560,561,"FALSE","FALSE","217","11130016"
"294","COMISION NACIONAL DEL MEDIO AMBIENTE",4,276,"CNDMA","11130016-218",562,563,"FALSE","FALSE","218","11130016"
"295","AUTORIDAD PARA EL RESCATE DEL LAGO DE AMATITLAN",4,276,"APERDLDA","11130016-219",564,565,"FALSE","FALSE","219","11130016"
"296","SECRETARÍA DE PLANIFICACION Y PROGRAMACION DE LA PRESIDENCIA",4,276,"SDPYPDLP","11130016-220",566,567,"FALSE","FALSE","220","11130016"
"297","CONSEJO NACIONAL DE LA JUVENTUD",4,276,"CNDLJ","11130016-221",568,569,"FALSE","FALSE","221","11130016"
"298","SECRETARÍA EJECUTIVA COMISION CONTRA ADIC TRAFIC ILIC DROGAS",4,276,"SECCATID","11130016-222",570,571,"FALSE","FALSE","222","11130016"
"299","SECRETARÍA  NACIONAL DE CIENCIA Y TECNOLOGIA",4,276,"SNDCYT","11130016-223",572,573,"FALSE","FALSE","223","11130016"
"300","SECRETARÍA DE OBRAS SOCIALES DE LA ESPOSA DEL PRESIDENTE",4,276,"SDOSDLEDP","11130016-224",574,575,"FALSE","FALSE","224","11130016"
"301","SECRETARÍA DE ANALISIS ESTRATEGICO.",4,276,"SDAE","11130016-225",576,577,"FALSE","FALSE","225","11130016"
"302","AUTORIDAD DEL LAGO DE IZABAL",4,276,"ADLDI","11130016-226",578,579,"FALSE","FALSE","226","11130016"
"303","AUTORIDAD DEL LAGO DE AMATITLAN",4,276,"ADLDA","11130016-227",580,581,"FALSE","FALSE","227","11130016"
"304","SECRETARÍA DE DESARROLLO SOCIAL",4,276,"SDDS","11130016-228",582,583,"FALSE","FALSE","228","11130016"
"305","SECRETARÍA DEL MEDIO AMBIENTE RECURSOS NATURALES",4,276,"SDMARN","11130016-229",584,585,"FALSE","FALSE","229","11130016"
"306","SECRETARÍA DE ASUNTOS PARTICULARES",4,276,"SDAP","11130016-230",586,587,"FALSE","FALSE","230","11130016"
"307","SECRETARÍA DE ASUNTOS ESPECIFICOS",4,276,"SDAE","11130016-231",588,589,"FALSE","FALSE","231","11130016"
"308","SECRETARÍA PRESIDENCIAL DE LA MUJER",4,276,"SPDLM","11130016-232",590,591,"FALSE","FALSE","232","11130016"
"309","SECRETARÍA DE ASUNTOS AGRARIOS DE LA PRESIDENCIA DE LA REP",4,276,"SDAADLPDLR","11130016-233",592,593,"FALSE","FALSE","233","11130016"
"310","COMISION PRESIDENCIAL CONTRA LA DISCRIMINACION Y EL RACISMO CONTRA LOS PUEBLOS INDIGENAS",4,276,"CPCLDYERCLPI","11130016-234",594,595,"FALSE","FALSE","234","11130016"
"311","SECRETARÍA DE SEGURIDAD ALIMENTARIA Y NUTRICIONAL DE LA PRESIDENCIA DE LA REPUBLICA",4,276,"SDSAYNDLPDLR","11130016-235",596,597,"FALSE","FALSE","235","11130016"
"312","FONDO NACIONAL DE DESARROLLO",4,276,"FNDD","11130016-236",598,599,"FALSE","FALSE","236","11130016"
"313","AUTORIDAD PARA EL MANEJO SUSTENTABLE DE LA CUENCA DEL LAGO DE ATITLAN Y SU ENTORNO",4,276,"APEMSDLCDLDAYSE","11130016-237",600,601,"FALSE","FALSE","237","11130016"
"314","COMISIÓN PRESIDENCIAL PARA LA REFORMA, MODERNIZACIÓN Y FORTALECIMIENTO DEL ESTADO Y DE SUS ENTIDADES",4,276,"CPPLRMYFDEYDSE","11130016-238",602,603,"FALSE","FALSE","238","11130016"
"315","DEFENSORIA DE LA MUJER INDIGENA",4,276,"DDLMI","11130016-239",604,605,"FALSE","FALSE","239","11130016"
"317","SECRETARIA DE INTELIGENCIA ESTRATEGICA",4,276,"SDIE","11130016-241",608,609,"FALSE","FALSE","241","11130016"
"318","PREVISION PAGO DE BONO Y REGULARIZACION NOMINA",4,276,"PPDBYRN","11130016-999",610,611,"FALSE","FALSE","999","11130016"
"319","MINISTERIO DE AMBIENTE Y RECURSOS NATURALES",3,2,"MDAYRN","11130017",613,614,"FALSE","FALSE","0","11130017"
"320","OBLIGACIONES DEL ESTADO A CARGO DEL TESORO",3,2,"ODEACDT","11130018",615,616,"FALSE","FALSE","0","11130018"
"321","SERVICIOS DE LA DEUDA PUBLICA",3,2,"SDLDP","11130019",617,618,"FALSE","FALSE","0","11130019"
"322","CONTRALORIA GENERAL DE CUENTAS.",3,5,"CGDC","11140020",641,642,"FALSE","FALSE","0","11140020"
"323","PROCURADURIA GENERAL DE LA NACIÓN",3,5,"PGDLN","11140021",643,644,"FALSE","FALSE","0","11140021"
"324","MINISTERIO PÚBLICO",3,5,"MP","11140022",645,648,"FALSE","FALSE","0","11140022"
"325","ADMINISTRACION FINANCIERA-UDAF",4,324,"AF","11140022-201",646,647,"FALSE","FALSE","201","11140022"
"326","MINISTERIO PUBLICO",3,5,"MP","11140022",649,650,"FALSE","FALSE","0","11140022"
"327","CORTE DE CONSTITUCIONALIDAD.",3,5,"CDC","11140024",651,654,"FALSE","FALSE","0","11140024"
"328","ADMINISTRACION FINANCIERA-UDAF",4,327,"AF","11140024-201",652,653,"FALSE","FALSE","201","11140024"
"329","CORTE DE CONSTITUCIONALIDAD",3,5,"CDC","11140024",655,656,"FALSE","FALSE","0","11140024"
"330","REGISTRO DE LA PROPIEDAD INMUEBLE.",3,5,"RDLPI","11140026",657,674,"FALSE","FALSE","0","11140026"
"331","ADMINISTRACION FINANCIERA-UDAF",4,330,"AF","11140026-201",658,659,"FALSE","FALSE","201","11140026"
"332","REGISTRO GENERAL DE LA PROPIEDAD -RGP-",3,5,"RGDLP-","11140026",675,676,"FALSE","FALSE","0","11140026"
"333","REGISTRO GENERAL DE LA PROPIEDAD",4,330,"RGDLP","11140026-101",660,661,"FALSE","FALSE","101","11140026"
"334","OFICINA RECEPCION Y DEVOLUCION DE DOCTOS MONTUFAR",4,330,"ORYDDDM","11140026-102",662,663,"FALSE","FALSE","102","11140026"
"335","OFICINA RECEPCION Y DEVOLUCION DOCTOS. ESCUINTLA",4,330,"ORYDDE","11140026-103",664,665,"FALSE","FALSE","103","11140026"
"336","OFICINA DE RECEPCION Y DEVOLUCION DE DOCTOS COBAN",4,330,"ODRYDDDC","11140026-104",666,667,"FALSE","FALSE","104","11140026"
"337","OFICINA DE RECEPCION Y DEVOLUCION DE DOCTOS. PETEN",4,330,"ODRYDDDP","11140026-105",668,669,"FALSE","FALSE","105","11140026"
"338","OFICINA DE RECEPCION Y DEVOLUCION DOCTOS. TECULUTA",4,330,"ODRYDDT","11140026-106",670,671,"FALSE","FALSE","106","11140026"
"339","ESCUELA REGISTRAL",4,330,"ER","11140026-107",672,673,"FALSE","FALSE","107","11140026"
"340","INSTITUTO DE LA DEFENSA PUBLICA PENAL",3,5,"IDLDPP","11140027",677,680,"FALSE","FALSE","0","11140027"
"341","ADMINISTRACION FINANCIERA-UDAF",4,340,"AF","11140027-201",678,679,"FALSE","FALSE","201","11140027"
"343","SEGUNDO REGISTRO DE LA PROPIEDAD",3,5,"SRDLP","11140028",683,684,"FALSE","FALSE","0","11140028"
"344","COORDINADORA NACIONAL PARA LA REDUCCION DE DESASTRES",3,5,"CNPLRDD","11140029",685,686,"FALSE","FALSE","0","11140029"
"345","REGISTRO DE INFORMACION CATASTRAL DE GUATEMALA -RIC-",3,5,"RDICDG-","11140065",687,688,"FALSE","FALSE","0","11140065"
"346","REGISTRO NACIONAL DE LAS PERSONAS -RENAP-",3,5,"RNDLP-","11140066",689,690,"FALSE","FALSE","0","11140066"
"347","CONSEJO NACIONAL DE ADOPCIONES",3,5,"CNDA","11140067",691,692,"FALSE","FALSE","0","11140067"
"348","CONSEJO NACIONAL DE ATENCION AL MIGRANTE DE GUATEMALA",3,5,"CNDAAMDG","11140068",693,694,"FALSE","FALSE","0","11140068"
"349","SECRETARIA EJECUTIVA DE LA INSTANCIA COORDINADORA DE LA MODERNIZACION DEL SECTOR JUSTICIA",3,5,"SEDLICDLMDSJ","11140069",695,696,"FALSE","FALSE","0","11140069"
"350","TRIBUNAL SUPREMO ELECTORAL.",3,5,"TSE","11150023",697,700,"FALSE","FALSE","0","11150023"
"351","ADMINISTRACION FINANCIERA-UDAF",4,350,"AF","11150023-201",698,699,"FALSE","FALSE","201","11150023"
"352","TRIBUNAL SUPREMO ELECTORAL",3,5,"TSE","11150023",701,702,"FALSE","FALSE","0","11150023"
"353","PROCURADURIA DE LOS DERECHOS HUMANOS.",3,5,"PDLDH","11150025",703,706,"FALSE","FALSE","0","11150025"
"354","ADMINISTRACION FINANCIERA-UDAF",4,353,"AF","11150025-201",704,705,"FALSE","FALSE","201","11150025"
"355","PROCURADURIA DE LOS DERECHOS HUMANOS",3,5,"PDLDH","11150025",707,708,"FALSE","FALSE","0","11150025"
"356","INSTITUTO NACIONAL DE ESTADISTICA  -INE-",3,5,"INDE-","11200030",709,710,"FALSE","FALSE","0","11200030"
"357","INSTITUTO NACIONAL DE ESTADISTICA -INE-",3,5,"INDE-","11200030",711,712,"FALSE","FALSE","0","11200030"
"358","INSTITUTO NACIONAL DE ADMINISTRACION  PUBLICA -INAP-",3,5,"INDAP-","11200032",713,714,"FALSE","FALSE","0","11200032"
"359","INSTITUTO TECNICO DE CAPACITACION Y PRODUCTIVIDAD -INTECAP-",3,5,"ITDCYP-","11200034",715,716,"FALSE","FALSE","0","11200034"
"360","INSTITUTO DE RECREACION DE LOS TRABAJADORES DE LA EMPRESA PRIVADA DE GUATEMALA",3,5,"IDRDLTDLEPDG","11200035",717,734,"FALSE","FALSE","0","11200035"
"361","GERENCIA GENERAL",4,360,"GG","11200035-101",718,719,"FALSE","FALSE","101","11200035"
"362","PARQUE AMATITLAN",4,360,"PA","11200035-102",720,721,"FALSE","FALSE","102","11200035"
"363","PARQUE AGUA CALIENTE",4,360,"PAC","11200035-103",722,723,"FALSE","FALSE","103","11200035"
"364","PARQUE URBANO PETAPA",4,360,"PUP","11200035-104",724,725,"FALSE","FALSE","104","11200035"
"365","HOSTALES",4,360,"H","11200035-105",726,727,"FALSE","FALSE","105","11200035"
"366","PARQUE ACUATICO XOCOMIL",4,360,"PAX","11200035-106",728,729,"FALSE","FALSE","106","11200035"
"367","PARQUE DE DIVERSIONES XETULUL",4,360,"PDDX","11200035-107",730,731,"FALSE","FALSE","107","11200035"
"368","DEPARTAMENTO DE CONSTRUCCIONES",4,360,"DDC","11200035-108",732,733,"FALSE","FALSE","108","11200035"
"369","CONSEJO NACIONAL PARA LA PROTECCION DE LA ANTIGUA GUATEMALA -CNPAG-",3,5,"CNPLPDLAG-","11200036",735,736,"FALSE","FALSE","0","11200036"
"370","BENEMERITO CUERPO VOLUNTARIO DE BOMBEROS DE GUATEMALA",3,5,"BCVDBDG","11200037",737,738,"FALSE","FALSE","0","11200037"
"371","APORTE PARA LA DESCENTRALIZACION CULTURAL -ADESCA-",3,5,"APLDC-","11200039",739,740,"FALSE","FALSE","0","11200039"
"372","INSTITUTO DE CIENCIA Y TECNOLOGIA AGRICOLAS -ICTA-",3,5,"IDCYTA-","11200041",741,742,"FALSE","FALSE","0","11200041"
"373","INSTITUTO NACIONAL DE CIENCIAS FORENSES DE GUATEMALA",3,5,"INDCFDG","11200046",743,744,"FALSE","FALSE","0","11200046"
"374","COMITE PERMANENTE DE EXPOSICIONES -COPEREX-",3,5,"CPDE-","11200050",745,746,"FALSE","FALSE","0","11200050"
"375","INSTITUTO NACIONAL DE COOPERATIVAS -INACOP-",3,5,"INDC-","11200051",747,748,"FALSE","FALSE","0","11200051"
"376","INSPECCION GENERAL DE COOPERATIVAS -INGECOP-",3,5,"IGDC-","11200052",749,750,"FALSE","FALSE","0","11200052"
"377","INSTITUTO GUATEMALTECO DE TURISMO -INGUAT-",3,5,"IGDT-","11200053",751,752,"FALSE","FALSE","0","11200053"
"378","INSTITUTO DE FOMENTO MUNICIPAL -INFOM-",3,5,"IDFM-","11200054",753,814,"FALSE","FALSE","0","11200054"
"379","UDAF - INFOM",4,378,"U-I","11200054-201",754,755,"FALSE","FALSE","201","11200054"
"380","PRESTAMO BIRF 7169",4,378,"PB7","11200054-202",756,757,"FALSE","FALSE","202","11200054"
"381","FOMENTO DEL SECTOR MUNICIPAL FSM I",4,378,"FDSMFI","11200054-203",758,759,"FALSE","FALSE","203","11200054"
"382","PRESTAMO BIRF 4260",4,378,"PB4","11200054-204",760,761,"FALSE","FALSE","204","11200054"
"383","COORDINACION DONACION JAPONESA",4,378,"CDJ","11200054-206",762,763,"FALSE","FALSE","206","11200054"
"384","COORDINACION PROYECTO SAN BENITO",4,378,"CPSB","11200054-207",764,765,"FALSE","FALSE","207","11200054"
"385","DONACION REINO UNIDO ESPAÑOL",4,378,"DRUE","11200054-208",766,767,"FALSE","FALSE","208","11200054"
"386","PROGRAMA AGUA POTABLE Y SANEAMIENTO RURAL",4,378,"PAPYSR","11200054-209",768,769,"FALSE","FALSE","209","11200054"
"387","DONACION JAPONESA PARA REHABILITACIÓN DE PLANTAS DE TRATAMIENTO DE AGUA POTABLE",4,378,"DJPRDPDTDAP","11200054-210",770,771,"FALSE","FALSE","210","11200054"
"388","COORDINADORA PRESTAMO BID 1469 OC-GU",4,378,"CPB1O","11200054-211",772,773,"FALSE","FALSE","211","11200054"
"389","COORDINADORA PRÉSTAMO JBIC GT-P5",4,378,"CPJG","11200054-212",774,775,"FALSE","FALSE","212","11200054"
"390","PROYECTO UNION EUROPEA, DESARROLLO RURAL Y LOCAL",4,378,"PUEDRYL","11200054-213",776,777,"FALSE","FALSE","213","11200054"
"391","DONACION FORT. SOCIEDAD CIVIL EN GUATEMALA",4,378,"DFSCEG","11200054-214",778,779,"FALSE","FALSE","214","11200054"
"392","DONACION EUROPEA DESCENTRALIZ. Y FORTAL. MUNICIPAL",4,378,"DEDYFM","11200054-215",780,781,"FALSE","FALSE","215","11200054"
"393","FONDO NACIONAL UNEPAR",4,378,"FNU","11200054-301",782,783,"FALSE","FALSE","301","11200054"
"394","COORDINACION SANEAMIENTO BID PRESTAMO BID 836",4,378,"CSBPB8","11200054-302",784,785,"FALSE","FALSE","302","11200054"
"395","DONACION KFW IV",4,378,"DKI","11200054-303",786,787,"FALSE","FALSE","303","11200054"
"396","COORDINDORA AGUAS SUBTERRANEAS EN AREAS RURALES",4,378,"CASEAR","11200054-304",788,789,"FALSE","FALSE","304","11200054"
"397","AGUA Y SANEAMIENTO PARA SEGURIDAD ALIMENTARIA",4,378,"AYSPSA","11200054-305",790,791,"FALSE","FALSE","305","11200054"
"398","PRESTAMO KFW I",4,378,"PKI","11200054-311",792,793,"FALSE","FALSE","311","11200054"
"399","DONACION KFW II",4,378,"DKI","11200054-312",794,795,"FALSE","FALSE","312","11200054"
"400","DONACION KFW III",4,378,"DKI","11200054-400",796,797,"FALSE","FALSE","400","11200054"
"401","FONDOS PL 480-91",4,378,"FP4","11200054-501",798,799,"FALSE","FALSE","501","11200054"
"402","FONDOS PL 480-92",4,378,"FP4","11200054-502",800,801,"FALSE","FALSE","502","11200054"
"403","PRÉSTAMO BCIE 36",4,378,"PB3","11200054-503",802,803,"FALSE","FALSE","503","11200054"
"404","PRÉSTAMO BCIE 37",4,378,"PB3","11200054-504",804,805,"FALSE","FALSE","504","11200054"
"405","PRÉSTAMO AID 520 L 017",4,378,"PA5L0","11200054-505",806,807,"FALSE","FALSE","505","11200054"
"406","CONTRAPARTIDA AGUA Y SANEAMIENTO REINO ESPAÑOL",4,378,"CAYSRE","11200054-506",808,809,"FALSE","FALSE","506","11200054"
"407","FONDO NACIONAL PAYSA",4,378,"FNP","11200054-507",810,811,"FALSE","FALSE","507","11200054"
"408","DONACION AID 520 03-39",4,378,"DA50","11200054-508",812,813,"FALSE","FALSE","508","11200054"
"409","INSTITUTO NACIONAL DE BOSQUES -INAB-",3,5,"INDB-","11200055",815,816,"FALSE","FALSE","0","11200055"
"410","SUPERINTENDENCIA DE ADMINISTRACION TRIBUTARIA - SAT",3,5,"SDAT-S","11200056",817,832,"FALSE","FALSE","0","11200056"
"411","SUPERINTENDENCIA DE ADMINISTRACION TRIBUTARIA -SAT-",3,5,"SDAT-","11200056",833,834,"FALSE","FALSE","0","11200056"
"412","COORDINACIÓN, ADMINISTRACIÓN Y NORMATIVIDAD",4,410,"CAYN","11200056-100",818,819,"FALSE","FALSE","100","11200056"
"413","GERENCIA REGIONAL CENTRAL - SAT",4,410,"GRC-S","11200056-200",820,821,"FALSE","FALSE","200","11200056"
"414","GERENCIA REGIONAL SUR - SAT",4,410,"GRS-S","11200056-300",822,823,"FALSE","FALSE","300","11200056"
"415","GERENCIA REGIONAL OCCIDENTE - SAT",4,410,"GRO-S","11200056-400",824,825,"FALSE","FALSE","400","11200056"
"416","GERENCIA REGIONAL NORORIENTE - SAT",4,410,"GRN-S","11200056-500",826,827,"FALSE","FALSE","500","11200056"
"417","RECAUDACION TRIBUTOS CONTRIBUYENTES ESPECIALES",4,410,"RTCE","11200056-600",828,829,"FALSE","FALSE","600","11200056"
"418","CONTRIBUYENTES ESPECIALES MEDIANOS",4,410,"CEM","11200056-700",830,831,"FALSE","FALSE","700","11200056"
"419","FONDO DE TIERRAS -FONTIERRAS-",3,5,"FDT-","11200057",835,836,"FALSE","FALSE","0","11200057"
"420","COMITE NACIONAL DE ALFABETIZACION -CONALFA-",3,5,"CNDA-","11200059",837,838,"FALSE","FALSE","0","11200059"
"421","ACADEMIA DE LENGUAS MAYAS DE GUATEMALA -ALMG-",3,5,"ADLMDG-","11200064",839,840,"FALSE","FALSE","0","11200064"
"422","CONSEJO NACIONAL PARA LA ATENCION DE LAS PERSONAS CON DISCAPACIDAD -CONADI-",3,5,"CNPLADLPCD-","11200067",841,842,"FALSE","FALSE","0","11200067"
"423","CONFEDERACION DEPORTIVA AUTONOMA DE GUATEMALA -CDAG-",3,5,"CDADG-","11300061",843,844,"FALSE","FALSE","0","11300061"
"424","COMITE OLIMPICO GUATEMALTECO -COG-",3,5,"COG-","11300062",845,846,"FALSE","FALSE","0","11300062"
"425","ESCUELA NACIONAL CENTRAL DE AGRICULTURA - ENCA-",3,5,"ENCDA-E","11300063",847,848,"FALSE","FALSE","0","11300063"
"426","FEDERACION NACIONAL DE TRIATLON",3,5,"FNDT","11300064",849,850,"FALSE","FALSE","0","11300064"
"427","FEDERACION NACIONAL DE BOLICHE C.D.A.G",3,5,"FNDBC","11300065",851,852,"FALSE","FALSE","0","11300065"
"428","FEDERACION NACIONAL DE VOLEIBOL",3,5,"FNDV","11300066",853,854,"FALSE","FALSE","0","11300066"
"429","FEDERACION NAC DE NATACION CLAVADOS POLO ACUATICO NADO SINCRONIZADO",3,5,"FNDNCPANS","11300067",855,856,"FALSE","FALSE","0","11300067"
"430","FEDERACION NACIONAL DE FUTBOL",3,5,"FNDF","11300068",857,858,"FALSE","FALSE","0","11300068"
"431","FEDERACION NACIONAL DE LUCHAS DE GUATEMALA",3,5,"FNDLDG","11300069",859,860,"FALSE","FALSE","0","11300069"
"432","FEDERACION NACIONAL DE CICLISMO DE GUATEMALA",3,5,"FNDCDG","11300070",861,862,"FALSE","FALSE","0","11300070"
"433","FEDERACION NACIONAL DE TENIS DE CAMPO",3,5,"FNDTDC","11300071",863,864,"FALSE","FALSE","0","11300071"
"434","FEDERACION NACIONAL DE BOXEO -CDAG-",3,5,"FNDB-","11300072",865,866,"FALSE","FALSE","0","11300072"
"435","INSTITUTO GUATEMALTECO DE SEGURIDAD SOCIAL -IGSS-",3,5,"IGDSS-","11400068",867,1050,"FALSE","FALSE","0","11400068"
"436","JUNTA DIRECTIVA",4,435,"JD","11400068-101",868,869,"FALSE","FALSE","101","11400068"
"437","GERENCIA ",4,435,"G","11400068-102",870,871,"FALSE","FALSE","102","11400068"
"438","ASIGNACIONES GLOBALES Y RESERVAS DE PROGRAMAS",4,435,"AGYRDP","11400068-103",872,873,"FALSE","FALSE","103","11400068"
"439","CONTRALORIA GENERAL",4,435,"CG","11400068-104",874,875,"FALSE","FALSE","104","11400068"
"440","SUBGERENCIA DE INTEGRIDAD Y TRANSPARENCIA ADMINISTRATIVA ",4,435,"SDIYTA","11400068-105",876,877,"FALSE","FALSE","105","11400068"
"441","SUBGERENCIA DE PRESTACIONES EN SALUD",4,435,"SDPES","11400068-106",878,879,"FALSE","FALSE","106","11400068"
"442","SUBGERENCIA ADMINISTRATIVA ",4,435,"SA","11400068-107",880,881,"FALSE","FALSE","107","11400068"
"443","DEPARTAMENTO DE SERVICIOS DE APOYO",4,435,"DDSDA","11400068-108",882,883,"FALSE","FALSE","108","11400068"
"444","DIVISIÓN DE TRANSPORTES  - ESTACIÓN CENTRAL",4,435,"DDT-EC","11400068-109",884,885,"FALSE","FALSE","109","11400068"
"445","SUBGERENCIA DE PLANIFICACIÓN Y DESARROLLO",4,435,"SDPYD","11400068-110",886,887,"FALSE","FALSE","110","11400068"
"446","SUBGERENCIA DE PRESTACIONES PECUNIARIAS",4,435,"SDPP","11400068-111",888,889,"FALSE","FALSE","111","11400068"
"447","SUBGERENCIA FINANCIERA ",4,435,"SF","11400068-112",890,891,"FALSE","FALSE","112","11400068"
"448","HOSPITAL GENERAL DE ENFERMEDADES",4,435,"HGDE","11400068-113",892,893,"FALSE","FALSE","113","11400068"
"449","HOSPITAL DOCTOR JUAN JOSÉ ARÉVALO BERMEJO",4,435,"HDJJAB","11400068-114",894,895,"FALSE","FALSE","114","11400068"
"450","POLICLÍNICA CENTRAL",4,435,"PC","11400068-115",896,897,"FALSE","FALSE","115","11400068"
"451","UNIDAD PERIFÉRICA ZONA 5",4,435,"UPZ5","11400068-116",898,899,"FALSE","FALSE","116","11400068"
"452","UNIDAD PERIFÉRICA ZONA 11",4,435,"UPZ1","11400068-117",900,901,"FALSE","FALSE","117","11400068"
"453","CONSULTORIO SAN JOSÉ PINULA, GUATEMALA",4,435,"CSJPG","11400068-118",902,903,"FALSE","FALSE","118","11400068"
"454","CONSULTORIO PALENCIA, GUATEMALA",4,435,"CPG","11400068-119",904,905,"FALSE","FALSE","119","11400068"
"455","UNIDAD ASISTENCIAL SAN JUAN SACATEPEQUEZ, GUATEMALA",4,435,"UASJSG","11400068-121",906,907,"FALSE","FALSE","121","11400068"
"456","CONSULTORIO FRAIJANES, GUATEMALA",4,435,"CFG","11400068-122",908,909,"FALSE","FALSE","122","11400068"
"457","UNIDAD ASISTENCIAL AMATITLÁN, GUATEMALA",4,435,"UAAG","11400068-123",910,911,"FALSE","FALSE","123","11400068"
"458","CONSULTORIO VILLA CANALES, GUATEMALA",4,435,"CVCG","11400068-124",912,913,"FALSE","FALSE","124","11400068"
"459","CONSULTORIO FINCA SANTA LEONARDA, VILLA CANALES",4,435,"CFSLVC","11400068-125",914,915,"FALSE","FALSE","125","11400068"
"460","CONSULTORIO VILLA NUEVA, GUATEMALA",4,435,"CVNG","11400068-126",916,917,"FALSE","FALSE","126","11400068"
"461","HOSPITAL DE REHABILITACIÓN",4,435,"HDR","11400068-127",918,919,"FALSE","FALSE","127","11400068"
"462","HOSPITAL DE GINECO  OBSTETRICIA",4,435,"HDGO","11400068-128",920,921,"FALSE","FALSE","128","11400068"
"463","HOSPITAL GENERAL DE ACCIDENTES",4,435,"HGDA","11400068-129",922,923,"FALSE","FALSE","129","11400068"
"464","CENTRO DE ATENCIÓN INTEGRAL DE SALUD MENTAL ",4,435,"CDAIDSM","11400068-130",924,925,"FALSE","FALSE","130","11400068"
"465","CENTRO DE ATENCIÓN MÉDICA INTEGRAL PARA PENSIONADOS",4,435,"CDAMIPP","11400068-131",926,927,"FALSE","FALSE","131","11400068"
"466","CONSULTORIO GUASTATOYA, EL PROGRESO",4,435,"CGEP","11400068-132",928,929,"FALSE","FALSE","132","11400068"
"467","CONSULTORIO ANTIGUA GUATEMALA, SACATEPÉQUEZ",4,435,"CAGS","11400068-133",930,931,"FALSE","FALSE","133","11400068"
"468","DIRECCIÓN DEPARTAMENTAL, CHIMALTENANGO",4,435,"DDC","11400068-134",932,933,"FALSE","FALSE","134","11400068"
"469","HOSPITAL CHIMALTENANGO, CHIMALTENANGO",4,435,"HCC","11400068-135",934,935,"FALSE","FALSE","135","11400068"
"470","HOSPITAL CUILAPA, SANTA ROSA",4,435,"HCSR","11400068-136",936,937,"FALSE","FALSE","136","11400068"
"471","CONSULTORIO JALAPA, JALAPA",4,435,"CJJ","11400068-137",938,939,"FALSE","FALSE","137","11400068"
"472","DIRECCIÓN DEPARTAMENTAL, JUTIAPA, JUTIAPA",4,435,"DDJJ","11400068-138",940,941,"FALSE","FALSE","138","11400068"
"473","CONSULTORIO JUTIAPA, JUTIAPA",4,435,"CJJ","11400068-139",942,943,"FALSE","FALSE","139","11400068"
"474","UNIDAD DE CONSULTA EXTERNA DE ENFERMEDADES",4,435,"UDCEDE","11400068-140",944,945,"FALSE","FALSE","140","11400068"
"475","CENTRO DE ATENCION MEDICA INTEGRAL PARA PENSIONADOS CAMIP 2 BARRANQUILLA",4,435,"CDAMIPPC2B","11400068-141",946,947,"FALSE","FALSE","141","11400068"
"476","DIVISION DE MANTENIMIENTO",4,435,"DDM","11400068-142",948,949,"FALSE","FALSE","142","11400068"
"477","DEPARTAMENTO DE INFRAESTRUCTURA INSTITUCIONAL",4,435,"DDII","11400068-143",950,951,"FALSE","FALSE","143","11400068"
"478","DIRECCIÓN DEPARTAMENTAL, ESCUINTLA",4,435,"DDE","11400068-201",952,953,"FALSE","FALSE","201","11400068"
"479","HOSPITAL ESCUINTLA, ESCUINTLA",4,435,"HEE","11400068-202",954,955,"FALSE","FALSE","202","11400068"
"480","HOSPITAL SANTA LUCÍA COTZUMALGUAPA, ESCUINTLA",4,435,"HSLCE","11400068-203",956,957,"FALSE","FALSE","203","11400068"
"481","HOSPITAL TIQUISATE, ESCUINTLA",4,435,"HTE","11400068-204",958,959,"FALSE","FALSE","204","11400068"
"482","CONSULTORIO LA DEMOCRACIA, ESCUINTLA",4,435,"CLDE","11400068-205",960,961,"FALSE","FALSE","205","11400068"
"483","CONSULTORIO SIQUINALÁ, ESCUINTLA",4,435,"CSE","11400068-206",962,963,"FALSE","FALSE","206","11400068"
"484","CONSULTORIO DE MASAGUA ESCUINTLA",4,435,"CDME","11400068-207",964,965,"FALSE","FALSE","207","11400068"
"485","CONSULTORIO LA GOMERA, ESCUINTLA",4,435,"CLGE","11400068-208",966,967,"FALSE","FALSE","208","11400068"
"486","CONSULTORIO PUERTO DE SAN JOSÉ, ESCUINTLA",4,435,"CPDSJE","11400068-209",968,969,"FALSE","FALSE","209","11400068"
"487","CONSULTORIO EN PALIN, ESCUINTLA",4,435,"CEPE","11400068-210",970,971,"FALSE","FALSE","210","11400068"
"488","HOSPITAL POCHUTA, CHIMALTENANGO",4,435,"HPC","11400068-301",972,973,"FALSE","FALSE","301","11400068"
"489","CONSULTORIO SAN LUCAS TOLIMÁN,SOLOLÁ",4,435,"CSLT","11400068-302",974,975,"FALSE","FALSE","302","11400068"
"490","HOSPITAL COATEPEQUE, QUETZALTENANGO",4,435,"HCQ","11400068-303",976,977,"FALSE","FALSE","303","11400068"
"491","DIRECCIÓN DEPARTAMENTAL, SUCHITEPÉQUEZ",4,435,"DDS","11400068-304",978,979,"FALSE","FALSE","304","11400068"
"492","HOSPITAL DE MAZATENANGO, SUCHITEPÉQUEZ",4,435,"HDMS","11400068-305",980,981,"FALSE","FALSE","305","11400068"
"493","HOSPITAL CHICACAO, SUCHITEPÉQUEZ",4,435,"HCS","11400068-306",982,983,"FALSE","FALSE","306","11400068"
"494","HOSPITAL PATULUL, SUCHITEPÉQUEZ",4,435,"HPS","11400068-307",984,985,"FALSE","FALSE","307","11400068"
"495","DIRECCIÓN DEPARTAMENTAL, RETALHULEU",4,435,"DDR","11400068-308",986,987,"FALSE","FALSE","308","11400068"
"496","HOSPITAL RETALHULEU, RETALHULEU",4,435,"HRR","11400068-309",988,989,"FALSE","FALSE","309","11400068"
"497","CONSULTORIO PUERTO CHAMPERICO, RETALHULEU",4,435,"CPCR","11400068-310",990,991,"FALSE","FALSE","310","11400068"
"498","CONSULTORIO SAN FELIPE, RETALHULEU",4,435,"CSFR","11400068-311",992,993,"FALSE","FALSE","311","11400068"
"499","HOSPITAL MALACATÁN, SAN MARCOS",4,435,"HMSM","11400068-312",994,995,"FALSE","FALSE","312","11400068"
"500","HOSPITAL EL TUMBADOR, SAN MARCOS",4,435,"HETSM","11400068-313",996,997,"FALSE","FALSE","313","11400068"
"501","CONSULTORIO TECÚN UMÁN, SAN MARCOS",4,435,"CTUSM","11400068-314",998,999,"FALSE","FALSE","314","11400068"
"502","CONSULTORIO SOLOLÁ Y SALA ANEXA HOSPITAL NACIONAL",4,435,"CSYSAHN","11400068-401",1000,1001,"FALSE","FALSE","401","11400068"
"503","CONSULTORIO TOTONICAPÁN, TOTONICAPÁN",4,435,"CTT","11400068-402",1002,1003,"FALSE","FALSE","402","11400068"
"504","DIRECCIÓN DEPARTAMENTAL, QUETZALTENANGO",4,435,"DDQ","11400068-403",1004,1005,"FALSE","FALSE","403","11400068"
"505","HOSPITAL QUETZALTENANGO, QUETZALTENANGO",4,435,"HQQ","11400068-404",1006,1007,"FALSE","FALSE","404","11400068"
"506","HOSPITAL COLOMBA, QUETZALTENANGO",4,435,"HCQ","11400068-405",1008,1009,"FALSE","FALSE","405","11400068"
"507","DIRECCIÓN DEPARTAMENTAL, SAN MARCOS",4,435,"DDSM","11400068-406",1010,1011,"FALSE","FALSE","406","11400068"
"508","CONSULTORIO SAN MARCOS, SAN MARCOS",4,435,"CSMSM","11400068-407",1012,1013,"FALSE","FALSE","407","11400068"
"509","DIRECCIÓN DEPARTAMENTAL, HUEHUETENANGO",4,435,"DDH","11400068-408",1014,1015,"FALSE","FALSE","408","11400068"
"510","HOSPITAL HUEHUETENANGO, HUEHUETENANGO",4,435,"HHH","11400068-409",1016,1017,"FALSE","FALSE","409","11400068"
"511","CONSULTORIO SANTA CRUZ DEL QUICHÉ, QUICHÉ",4,435,"CSCDQQ","11400068-410",1018,1019,"FALSE","FALSE","410","11400068"
"512","CONSULTORIO SAN JUAN COTZAL, QUICHÉ",4,435,"CSJCQ","11400068-411",1020,1021,"FALSE","FALSE","411","11400068"
"513","CONSULTORIO SALAMA, BAJA VERAPAZ",4,435,"CSBV","11400068-501",1022,1023,"FALSE","FALSE","501","11400068"
"514","DIRECCIÓN DEPARTAMENTAL, BAJA VERAPAZ",4,435,"DDBV","11400068-502",1024,1025,"FALSE","FALSE","502","11400068"
"515","DIRECCIÓN DEPARTAMENTAL, ALTA VERAPAZ",4,435,"DDAV","11400068-503",1026,1027,"FALSE","FALSE","503","11400068"
"516","HOSPITAL COBÁN, ALTA VERAPAZ",4,435,"HCAV","11400068-504",1028,1029,"FALSE","FALSE","504","11400068"
"517","SALA ANEXA HOSPITAL NACIONAL SAN BENITO PETÉN, PETÉN",4,435,"SAHNSBPP","11400068-505",1030,1031,"FALSE","FALSE","505","11400068"
"518","DIRECCIÓN DEPARTAMENTAL,  IZABAL",4,435,"DDI","11400068-506",1032,1033,"FALSE","FALSE","506","11400068"
"519","HOSPITAL PUERTO BARRIOS, IZABAL",4,435,"HPBI","11400068-507",1034,1035,"FALSE","FALSE","507","11400068"
"520","CONSULTORIO EL ESTOR, IZABAL",4,435,"CEEI","11400068-508",1036,1037,"FALSE","FALSE","508","11400068"
"521","CONSULTORIO MORALES, IZABAL",4,435,"CMI","11400068-509",1038,1039,"FALSE","FALSE","509","11400068"
"522","CONSULTORIO LOS AMATES, IZABAL",4,435,"CLAI","11400068-510",1040,1041,"FALSE","FALSE","510","11400068"
"523","DIRECCIÓN DEPARTAMENTAL, ZACAPA",4,435,"DDZ","11400068-511",1042,1043,"FALSE","FALSE","511","11400068"
"524","CONSULTORIO ZACAPA, ZACAPA",4,435,"CZZ","11400068-512",1044,1045,"FALSE","FALSE","512","11400068"
"525","CONSULTORIO GUALÁN, ZACAPA",4,435,"CGZ","11400068-513",1046,1047,"FALSE","FALSE","513","11400068"
"526","CONSULTORIO CHIQUIMULA, CHIQUIMULA",4,435,"CCC","11400068-514",1048,1049,"FALSE","FALSE","514","11400068"
"527","INSTITUTO DE PREVISION MILITAR -IPM-",3,5,"IDPM-","11400069",1051,1052,"FALSE","FALSE","0","11400069"
"528","MUNICIPALIDAD DE GUATEMALA",3,5,"MDG","12100101",1053,1054,"FALSE","FALSE","0","12100101"
"529","SANTA CATARINA PINULA",3,5,"SCP","12100102",1055,1056,"FALSE","FALSE","0","12100102"
"530","CHINAUTLA",3,5,"C","12100106",1057,1058,"FALSE","FALSE","0","12100106"
"531","MIXCO",3,5,"M","12100108",1059,1060,"FALSE","FALSE","0","12100108"
"532","VILLA NUEVA",3,5,"VN","12100115",1061,1062,"FALSE","FALSE","0","12100115"
"533","QUETZALTENANGO",3,5,"Q","12100901",1063,1070,"FALSE","FALSE","0","12100901"
"534","MUNICIPALIDAD DE QUETZALTENANGO",4,533,"MDQ","12100901-101",1064,1065,"FALSE","FALSE","101","12100901"
"535","EMPRESA ELECTRICA MUNICIPAL DE QUETZALTENANGO",4,533,"EEMDQ","12100901-102",1066,1067,"FALSE","FALSE","102","12100901"
"536","EMPRESA MUNICIPAL DE AGUAS DE XELAJU",4,533,"EMDADX","12100901-103",1068,1069,"FALSE","FALSE","103","12100901"
"537","SAN MARCOS",3,5,"SM","12101201",1071,1078,"FALSE","FALSE","0","12101201"
"538","MUNICIPALIDAD DE SAN MARCOS",4,537,"MDSM","12101201-101",1072,1073,"FALSE","FALSE","101","12101201"
"539","EMPRESA ELECTRICA MUNICIPAL DE SAN MARCOS",4,537,"EEMDSM","12101201-102",1074,1075,"FALSE","FALSE","102","12101201"
"540","EMPRESA MUNICIPAL DE AGUAS DE SAN MARCOS",4,537,"EMDADSM","12101201-103",1076,1077,"FALSE","FALSE","103","12101201"
"541","SAN PEDRO SACATEPEQUEZ",3,5,"SPS","12101202",1079,1088,"FALSE","FALSE","0","12101202"
"542","MUNICIPALIDAD DE SAN PEDRO SACATEPEQUEZ",4,541,"MDSPS","12101202-101",1080,1081,"FALSE","FALSE","101","12101202"
"543","EMPRESA ELECTRICA MUNICIPAL DE SAN PEDRO SACATEPEQUEZ",4,541,"EEMDSPS","12101202-102",1082,1083,"FALSE","FALSE","102","12101202"
"544","EMPRESA CONSTRUCTORA MUNICIPAL DE SAN PEDRO SACATEPEQUEZ",4,541,"ECMDSPS","12101202-103",1084,1085,"FALSE","FALSE","103","12101202"
"545","EMPRESA MUNICIPAL DE AGUA",4,541,"EMDA","12101202-104",1086,1087,"FALSE","FALSE","104","12101202"
"546","MUNICIPALIDAD DE GUALAN",4,5,"MDG","12101904-101",1089,1090,"FALSE","FALSE","101","12101904"
"547","EMPRESA ELÉCTRICA MUNICIPAL DE GUALÁN",4,5,"EEMDG","12101904-102",1091,1092,"FALSE","FALSE","102","12101904"
"548","ENTIDAD MET. REGUL. DE TRANSPORTE Y TRANSITO DEL MUN. DE GUAT. Y SUS AREAS DE INFLUENCIA U.",3,5,"EMRDTYTDMDGYSADIU","12200001",1093,1094,"FALSE","FALSE","0","12200001"
"549","PLAN DE PRESTACIONES DEL EMPLEADO MUNICIPAL",3,5,"PDPDEM","12300599",1095,1096,"FALSE","FALSE","0","12300599"
"550","MANCOMUNIDAD COPAN-CHORTI",3,5,"MC","12400001",1097,1098,"FALSE","FALSE","0","12400001"
"551","MANCOMUNIDAD ERIPAZ",3,5,"ME","12400002",1099,1100,"FALSE","FALSE","0","12400002"
"552","MANCOMUNIDAD DE NOR-ORIENTE",3,5,"MDN","12400004",1101,1102,"FALSE","FALSE","0","12400004"
"553","MANCOMUNIDAD DE MUNICIPALIDADES DE LA CUENCA DEL RIO EL NARANJO",3,5,"MDMDLCDREN","12400005",1103,1104,"FALSE","FALSE","0","12400005"
"554","MANCOMUNIDAD METROPOLI DE LOS ALTOS",3,5,"MMDLA","12400006",1105,1106,"FALSE","FALSE","0","12400006"
"555","MANCOMUNIDAD FRONTERA DEL NORTE",3,5,"MFDN","12400007",1107,1108,"FALSE","FALSE","0","12400007"
"556","MUNICOPAZ",3,5,"M","12400008",1109,1110,"FALSE","FALSE","0","12400008"
"557","ANAM",3,5,"A","12400009",1111,1112,"FALSE","FALSE","0","12400009"
"558","MANCOPOQOMCHI",3,5,"M","12400010",1113,1114,"FALSE","FALSE","0","12400010"
"559","MANCOMUNIDAD AREA MAM DE QUETZALTENANGO",3,5,"MAMDQ","12400011",1115,1116,"FALSE","FALSE","0","12400011"
"560","MANCOMUNIDAD DE MUNICIPIOS DE LA FRANJA TRANSVERSAL DEL NORTE",3,5,"MDMDLFTDN","12400012",1117,1118,"FALSE","FALSE","0","12400012"
"561","MANCOMUNIDAD TRINACIONAL FRONTERIZA RIO LEMPA",3,5,"MTFRL","12400013",1119,1120,"FALSE","FALSE","0","12400013"
"562","MANCOMUNIDAD DE MUNICIPIOS DEL CONO SUR, JUTIAPA",3,5,"MDMDCSJ","12400014",1121,1122,"FALSE","FALSE","0","12400014"
"563","MANCOMUNIDAD MONTAÑA EL GIGANTE",3,5,"MMEG","12400015",1123,1124,"FALSE","FALSE","0","12400015"
"564","MANCOMUNIDAD LAGO DE GUIJA",3,5,"MLDG","12400016",1125,1126,"FALSE","FALSE","0","12400016"
"565","EMPRESA GUATEMALTECA DE TELECOMUNICACIONES -GUATEL-",3,5,"EGDT-","21100072",1127,1128,"FALSE","FALSE","0","21100072"
"566","ZONA LIBRE DE INDUSTRIA Y COMERCIO SANTO TOMAS DE CASTILLA -ZOLIC-",3,5,"ZLDIYCSTDC-","21100073",1129,1130,"FALSE","FALSE","0","21100073"
"567","EMPRESA PORTUARIA NACIONAL SANTO TOMAS DE CASTILLA -EMPORNAC-",3,5,"EPNSTDC-","21100074",1131,1132,"FALSE","FALSE","0","21100074"
"568","EMPRESA PORTUARIA QUETZAL -EPQ-",3,5,"EPQ-","21100075",1133,1134,"FALSE","FALSE","0","21100075"
"569","EMPRESA PORTUARIA NACIONAL DE CHAMPERICO -EPNCH-",3,5,"EPNDC-","21100076",1135,1136,"FALSE","FALSE","0","21100076"
"570","EMPRESA FERROCARRILES DE GUATEMALA -FEGUA-",3,5,"EFDG-","21100077",1137,1138,"FALSE","FALSE","0","21100077"
"571","INSTITUTO NACIONAL DE COMERCIALIZACION AGRICOLA -INDECA-",3,5,"INDCA-","21100078",1139,1140,"FALSE","FALSE","0","21100078"
"572","INSTITUTO NACIONAL DE ELECTRIFICACION -INDE-",3,5,"INDE-","21100080",1141,1142,"FALSE","FALSE","0","21100080"
"573","EMPRESA MUNICIPAL DE AGUA -EMPAGUA-",3,5,"EMDA-","21200090",1143,1194,"FALSE","FALSE","0","21200090"
"574","ADMINISTRACION GENERAL",4,573,"AG","21200090-101",1144,1145,"FALSE","FALSE","101","21200090"
"575","FUENTES DE PRODUCCION DE AGUA",4,573,"FDPDA","21200090-102",1146,1147,"FALSE","FALSE","102","21200090"
"576","ADMINISTRACION DE LA RED",4,573,"ADLR","21200090-103",1148,1149,"FALSE","FALSE","103","21200090"
"577","SISTEMA SANTA LUISA",4,573,"SSL","21200090-104",1150,1151,"FALSE","FALSE","104","21200090"
"578","SISTEMA CAMBRAY",4,573,"SC","21200090-105",1152,1153,"FALSE","FALSE","105","21200090"
"579","SISTEMA ILUSIONES",4,573,"SI","21200090-106",1154,1155,"FALSE","FALSE","106","21200090"
"580","SISTEMA LO DE COY",4,573,"SLDC","21200090-107",1156,1157,"FALSE","FALSE","107","21200090"
"581","SISTEMA BRIGADA",4,573,"SB","21200090-108",1158,1159,"FALSE","FALSE","108","21200090"
"582","SISTEMA DE BOMBEO OJO DE AGUA DIAMANTE",4,573,"SDBODAD","21200090-109",1160,1161,"FALSE","FALSE","109","21200090"
"583","SISTEMA DE POZOS",4,573,"SDP","21200090-110",1162,1163,"FALSE","FALSE","110","21200090"
"584","SISTEMAS DE DRENAJES Y ALCANTARILLADO",4,573,"SDDYA","21200090-111",1164,1165,"FALSE","FALSE","111","21200090"
"585","SISTEMA DE POZOS EMERGENCIA I",4,573,"SDPEI","21200090-112",1166,1167,"FALSE","FALSE","112","21200090"
"587","SISTEMA DE ALCANTARILLADO",4,573,"SDA","21200090-115",1170,1171,"FALSE","FALSE","115","21200090"
"588","DIRECCION DE INFRAESTRUCTURA Y OPERACIONES",4,573,"DDIYO","21200090-116",1172,1173,"FALSE","FALSE","116","21200090"
"589","DIRECCION DE PRODUCCION DE APLICACIONES",4,573,"DDPDA","21200090-117",1174,1175,"FALSE","FALSE","117","21200090"
"590","SERVICIOS A USUARIOS SECTOR 1",4,573,"SAUS1","21200090-118",1176,1177,"FALSE","FALSE","118","21200090"
"591","SERVICIOS A USUARIOS SECTOR 2",4,573,"SAUS2","21200090-119",1178,1179,"FALSE","FALSE","119","21200090"
"592","SERVICIOS A USUARIOS SECTOR 3",4,573,"SAUS3","21200090-120",1180,1181,"FALSE","FALSE","120","21200090"
"593","SERVICIOS A USUARIOS SECTOR 4",4,573,"SAUS4","21200090-121",1182,1183,"FALSE","FALSE","121","21200090"
"594","SERVICIOS A USUARIOS SECTOR 5",4,573,"SAUS5","21200090-122",1184,1185,"FALSE","FALSE","122","21200090"
"595","SERVICIOS A USUARIOS VENTANILLA UNICA",4,573,"SAUVU","21200090-123",1186,1187,"FALSE","FALSE","123","21200090"
"596","COORDINACION DE SISTEMAS DE DRENAJES Y ALCANTARILLADO",4,573,"CDSDDYA","21200090-124",1188,1189,"FALSE","FALSE","124","21200090"
"597","DIRECCION DE FUENTES DE PRODUCCION DE AGUA",4,573,"DDFDPDA","21200090-125",1190,1191,"FALSE","FALSE","125","21200090"
"599","EMPRESA ELECTRICA MUNICIPAL DE JALAPA",3,5,"EEMDJ","21200092",1195,1196,"FALSE","FALSE","0","21200092"
"600","EMP. ELECTRICA MUNI. DE SAN PEDRO PINULA",3,5,"EEMDSPP","21200093",1197,1198,"FALSE","FALSE","0","21200093"
"601","EMPRESA ELECTRICA MUNICIPAL DE ZACAPA",3,5,"EEMDZ","21200094",1199,1200,"FALSE","FALSE","0","21200094"
"602","EMP. HIDROELICTRICA MUNI. DE EL PROGRESO",3,5,"EHMDEP","21200095",1201,1202,"FALSE","FALSE","0","21200095"
"603","EMPRESA ELECTRICA MUNICIPAL DE PUERTO BARRIOS",3,5,"EEMDPB","21200101",1203,1204,"FALSE","FALSE","0","21200101"
"604","INSTITUTO DE FOMENTO DE HIPOTECAS ASEGURADAS -FHA-",3,5,"IDFDHA-","22110620",1205,1206,"FALSE","FALSE","0","22110620"
"605","CORPORACION FINANCIERA NACIONAL -CORFINA-",3,5,"CFN-","22110621",1207,1208,"FALSE","FALSE","0","22110621"
"606","CREDITO HIPOTECARIO NACIONAL -CHN-",3,5,"CHN-","22210630",1209,1210,"FALSE","FALSE","0","22210630"
"607","BANCO DE GUATEMALA",3,5,"BDG","22210633",1211,1212,"FALSE","FALSE","0","22210633"
